ADM3_EN,ADM3_SI,ADM3_TA,ADM3_PCODE,ADM2_EN,ADM2_SI,ADM2_TA,ADM2_PCODE,ADM1_EN,ADM1_SI,ADM1_TA,ADM1_PCODE,ADM0_EN,ADM0_SI,ADM0_TA,ADM0_PCODE,date,validOn,validTo,Shape_Leng,Shape_Area
Colombo,කොළඹ,கொழும்பு,LK1103,Colombo,කොළඹ දිස්ත්‍රික්ක,கொழும்பு மாவட்டம்,LK11,Western,බස්නාහිර පළාත,மேல் மாகாணம் ,LK1,Sri Lanka,ශ්‍රී ලංකා,இலங்கை,LK,"""2022-08-02T00:00:00.000Z""","""2022-08-16T00:00:00.000Z""","""1899-11-30T00:00:00.000Z""",0.451225857106,0.00200775230671
Kolonnawa,කොලොන්නාව,கொலன்னாவை,LK1106,Colombo,කොළඹ දිස්ත්‍රික්ක,கொழும்பு மாவட்டம்,LK11,Western,බස්නාහිර පළාත,மேல் மாகாணம் ,LK1,Sri Lanka,ශ්‍රී ලංකා,இலங்கை,LK,"""2022-08-02T00:00:00.000Z""","""2022-08-16T00:00:00.000Z""","""1899-11-30T00:00:00.000Z""",0.301852720452,0.00212152491265
Kaduwela,කඩුවෙල,கடுவெலை,LK1109,Colombo,කොළඹ දිස්ත්‍රික්ක,கொழும்பு மாவட்டம்,LK11,Western,බස්නාහිර පළාත,மேல் மாகாணம் ,LK1,Sri Lanka,ශ්‍රී ලංකා,இலங்கை,LK,"""2022-08-02T00:00:00.000Z""","""2022-08-16T00:00:00.000Z""","""1899-11-30T00:00:00.000Z""",0.554385101779,0.00709674645542
Homagama,හෝමාගම,கோமகமை,LK1112,Colombo,කොළඹ දිස්ත්‍රික්ක,கொழும்பு மாவட்டம்,LK11,Western,බස්නාහිර පළාත,மேல் மாகாணம் ,LK1,Sri Lanka,ශ්‍රී ලංකා,இலங்கை,LK,"""2022-08-02T00:00:00.000Z""","""2022-08-16T00:00:00.000Z""","""1899-11-30T00:00:00.000Z""",0.668982822207,0.00984266862108
Seethawaka,සීතාවක,சீதவாக்கை,LK1115,Colombo,කොළඹ දිස්ත්‍රික්ක,கொழும்பு மாவட்டம்,LK11,Western,බස්නාහිර පළාත,மேல் மாகாணம் ,LK1,Sri Lanka,ශ්‍රී ලංකා,இலங்கை,LK,"""2022-08-02T00:00:00.000Z""","""2022-08-16T00:00:00.000Z""","""1899-11-30T00:00:00.000Z""",0.609048548673,0.0119440720369
Padukka,පාදුක්ක,பாதுக்கை,LK1118,Colombo,කොළඹ දිස්ත්‍රික්ක,கொழும்பு மாவட்டம்,LK11,Western,බස්නාහිර පළාත,மேல் மாகாணம் ,LK1,Sri Lanka,ශ්‍රී ලංකා,இலங்கை,LK,"""2022-08-02T00:00:00.000Z""","""2022-08-16T00:00:00.000Z""","""1899-11-30T00:00:00.000Z""",0.636858220346,0.00868743178457
Maharagama,මහරගම,மகரகமை,LK1121,Colombo,කොළඹ දිස්ත්‍රික්ක,கொழும்பு மாவட்டம்,LK11,Western,බස්නාහිර පළාත,மேல் மாகாணம் ,LK1,Sri Lanka,ශ්‍රී ලංකා,இலங்கை,LK,"""2022-08-02T00:00:00.000Z""","""2022-08-16T00:00:00.000Z""","""1899-11-30T00:00:00.000Z""",0.423468732091,0.00309217156093
Sri Jayawardanapura Kotte,ශ්‍රී ජයවර්ධනපුර ක,ஸ்ரீ ஜயவர்தனபுர,LK1124,Colombo,කොළඹ දිස්ත්‍රික්ක,கொழும்பு மாவட்டம்,LK11,Western,බස්නාහිර පළාත,மேல் மாகாணம் ,LK1,Sri Lanka,ශ්‍රී ලංකා,இலங்கை,LK,"""2022-08-02T00:00:00.000Z""","""2022-08-16T00:00:00.000Z""","""1899-11-30T00:00:00.000Z""",0.244925307714,0.00133489405254
Thimbirigasyaya,තිඹිරිගස්යාය,திம்பிரிகஸ்யாய,LK1127,Colombo,කොළඹ දිස්ත්‍රික්ක,கொழும்பு மாவட்டம்,LK11,Western,බස්නාහිර පළාත,மேல் மாகாணம் ,LK1,Sri Lanka,ශ්‍රී ලංකා,இலங்கை,LK,"""2022-08-02T00:00:00.000Z""","""2022-08-16T00:00:00.000Z""","""1899-11-30T00:00:00.000Z""",0.252460500591,0.0018269397342
Dehiwala,දෙහිවල,தெகிவளை,LK1130,Colombo,කොළඹ දිස්ත්‍රික්ක,கொழும்பு மாவட்டம்,LK11,Western,බස්නාහිර පළාත,மேல் மாகாணம் ,LK1,Sri Lanka,ශ්‍රී ලංකා,இலங்கை,LK,"""2022-08-02T00:00:00.000Z""","""2022-08-16T00:00:00.000Z""","""1899-11-30T00:00:00.000Z""",0.139048332791,0.000692013557463
Ratmalana,රත්මලාන,இரத்மலானை,LK1131,Colombo,කොළඹ දිස්ත්‍රික්ක,கொழும்பு மாவட்டம்,LK11,Western,බස්නාහිර පළාත,மேல் மாகாணம் ,LK1,Sri Lanka,ශ්‍රී ලංකා,இலங்கை,LK,"""2022-08-02T00:00:00.000Z""","""2022-08-16T00:00:00.000Z""","""1899-11-30T00:00:00.000Z""",0.147247554262,0.00105222517749
Moratuwa,මොරටුව,மொரட்டுவை,LK1133,Colombo,කොළඹ දිස්ත්‍රික්ක,கொழும்பு மாவட்டம்,LK11,Western,බස්නාහිර පළාත,மேல் மாகாணம் ,LK1,Sri Lanka,ශ්‍රී ලංකා,இலங்கை,LK,"""2022-08-02T00:00:00.000Z""","""2022-08-16T00:00:00.000Z""","""1899-11-30T00:00:00.000Z""",0.276451040797,0.00157900877517
Kesbewa,කැස්බෑව,கெஸ்பவை,LK1136,Colombo,කොළඹ දිස්ත්‍රික්ක,கொழும்பு மாவட்டம்,LK11,Western,බස්නාහිර පළාත,மேல் மாகாணம் ,LK1,Sri Lanka,ශ්‍රී ලංකා,இலங்கை,LK,"""2022-08-02T00:00:00.000Z""","""2022-08-16T00:00:00.000Z""","""1899-11-30T00:00:00.000Z""",0.453511170212,0.00502329151902
Negombo,මීගමුව,நீர்கொழும்பு,LK1203,Gampaha,ගම්පහ දිස්ත්‍රික්,கம்பஹா மாவட்டம்,LK12,Western,බස්නාහිර පළාත,மேல் மாகாணம் ,LK1,Sri Lanka,ශ්‍රී ලංකා,இலங்கை,LK,"""2022-08-02T00:00:00.000Z""","""2022-08-16T00:00:00.000Z""","""1899-11-30T00:00:00.000Z""",0.574785134639,0.00238977586902
Katana,කටාන,கந்தானை,LK1206,Gampaha,ගම්පහ දිස්ත්‍රික්,கம்பஹா மாவட்டம்,LK12,Western,බස්නාහිර පළාත,மேல் மாகாணம் ,LK1,Sri Lanka,ශ්‍රී ලංකා,இலங்கை,LK,"""2022-08-02T00:00:00.000Z""","""2022-08-16T00:00:00.000Z""","""1899-11-30T00:00:00.000Z""",0.78112895752,0.00882535121899
Divulapitiya,දිවුලපිටිය,திவுலபிட்டிய,LK1209,Gampaha,ගම්පහ දිස්ත්‍රික්,கம்பஹா மாவட்டம்,LK12,Western,බස්නාහිර පළාත,மேல் மாகாணம் ,LK1,Sri Lanka,ශ්‍රී ලංකා,இலங்கை,LK,"""2022-08-02T00:00:00.000Z""","""2022-08-16T00:00:00.000Z""","""1899-11-30T00:00:00.000Z""",0.900317568782,0.016634540832
Mirigama,මීරිගම,மீரிகமை,LK1212,Gampaha,ගම්පහ දිස්ත්‍රික්,கம்பஹா மாவட்டம்,LK12,Western,බස්නාහිර පළාත,மேல் மாகாணம் ,LK1,Sri Lanka,ශ්‍රී ලංකා,இலங்கை,LK,"""2022-08-02T00:00:00.000Z""","""2022-08-16T00:00:00.000Z""","""1899-11-30T00:00:00.000Z""",0.947233906124,0.0154586993908
Minuwangoda,මිනුවන්ගොඩ,மினுவாங்கொடை,LK1215,Gampaha,ගම්පහ දිස්ත්‍රික්,கம்பஹா மாவட்டம்,LK12,Western,බස්නාහිර පළාත,மேல் மாகாணம் ,LK1,Sri Lanka,ශ්‍රී ලංකා,இலங்கை,LK,"""2022-08-02T00:00:00.000Z""","""2022-08-16T00:00:00.000Z""","""1899-11-30T00:00:00.000Z""",0.657203515385,0.0108156259037
Wattala,වත්තල,வத்தளை,LK1218,Gampaha,ගම්පහ දිස්ත්‍රික්,கம்பஹா மாவட்டம்,LK12,Western,බස්නාහිර පළාත,மேல் மாகாணம் ,LK1,Sri Lanka,ශ්‍රී ලංකා,இலங்கை,LK,"""2022-08-02T00:00:00.000Z""","""2022-08-16T00:00:00.000Z""","""1899-11-30T00:00:00.000Z""",0.51825594589,0.00467889711675
Ja Ela,ජා-ඇල,யா-எலை,LK1221,Gampaha,ගම්පහ දිස්ත්‍රික්,கம்பஹா மாவட்டம்,LK12,Western,බස්නාහිර පළාත,மேல் மாகாணம் ,LK1,Sri Lanka,ශ්‍රී ලංකා,இலங்கை,LK,"""2022-08-02T00:00:00.000Z""","""2022-08-16T00:00:00.000Z""","""1899-11-30T00:00:00.000Z""",0.470973549294,0.00511136182323
Gampaha,ගම්පහ,கம்பகா,LK1224,Gampaha,ගම්පහ දිස්ත්‍රික්,கம்பஹா மாவட்டம்,LK12,Western,බස්නාහිර පළාත,மேல் மாகாணம் ,LK1,Sri Lanka,ශ්‍රී ලංකා,இலங்கை,LK,"""2022-08-02T00:00:00.000Z""","""2022-08-16T00:00:00.000Z""","""1899-11-30T00:00:00.000Z""",0.71879720204,0.00751514926538
Attanagalla,අත්තනගල්ල,அத்தனகல்லை,LK1227,Gampaha,ගම්පහ දිස්ත්‍රික්,கம்பஹா மாவட்டம்,LK12,Western,බස්නාහිර පළාත,மேல் மாகாணம் ,LK1,Sri Lanka,ශ්‍රී ලංකා,இலங்கை,LK,"""2022-08-02T00:00:00.000Z""","""2022-08-16T00:00:00.000Z""","""1899-11-30T00:00:00.000Z""",0.887705483449,0.0126736313558
Dompe,දොම්පෙ,தொம்பே,LK1230,Gampaha,ගම්පහ දිස්ත්‍රික්,கம்பஹா மாவட்டம்,LK12,Western,බස්නාහිර පළාත,மேல் மாகாணம் ,LK1,Sri Lanka,ශ්‍රී ලංකා,இலங்கை,LK,"""2022-08-02T00:00:00.000Z""","""2022-08-16T00:00:00.000Z""","""1899-11-30T00:00:00.000Z""",0.766085263163,0.0146632604322
Mahara,මහර,மகரை,LK1233,Gampaha,ගම්පහ දිස්ත්‍රික්,கம்பஹா மாவட்டம்,LK12,Western,බස්නාහිර පළාත,மேல் மாகாணம் ,LK1,Sri Lanka,ශ්‍රී ලංකා,இலங்கை,LK,"""2022-08-02T00:00:00.000Z""","""2022-08-16T00:00:00.000Z""","""1899-11-30T00:00:00.000Z""",0.968998139333,0.00783602986362
Kelaniya,කැළණිය,களனி,LK1236,Gampaha,ගම්පහ දිස්ත්‍රික්,கம்பஹா மாவட்டம்,LK12,Western,බස්නාහිර පළාත,மேல் மாகாணம் ,LK1,Sri Lanka,ශ්‍රී ලංකා,இலங்கை,LK,"""2022-08-02T00:00:00.000Z""","""2022-08-16T00:00:00.000Z""","""1899-11-30T00:00:00.000Z""",0.271277050478,0.00179527621203
Biyagama,බියගම,பியகமை,LK1239,Gampaha,ගම්පහ දිස්ත්‍රික්,கம்பஹா மாவட்டம்,LK12,Western,බස්නාහිර පළාත,மேல் மாகாணம் ,LK1,Sri Lanka,ශ්‍රී ලංකා,இலங்கை,LK,"""2022-08-02T00:00:00.000Z""","""2022-08-16T00:00:00.000Z""","""1899-11-30T00:00:00.000Z""",0.419856610711,0.00499208378271
Panadura,පානදුර,பாணந்துறை,LK1303,Kalutara,කඵතර දිස්ත්‍රික්ක,களுத்துறை மாவட்டம,LK13,Western,බස්නාහිර පළාත,மேல் மாகாணம் ,LK1,Sri Lanka,ශ්‍රී ලංකා,இலங்கை,LK,"""2022-08-02T00:00:00.000Z""","""2022-08-16T00:00:00.000Z""","""1899-11-30T00:00:00.000Z""",0.449218504186,0.00371311701372
Bandaragama,බණ්ඩාරගම,பண்டாரகமை,LK1306,Kalutara,කඵතර දිස්ත්‍රික්ක,களுத்துறை மாவட்டம,LK13,Western,බස්නාහිර පළාත,மேல் மாகாணம் ,LK1,Sri Lanka,ශ්‍රී ලංකා,இலங்கை,LK,"""2022-08-02T00:00:00.000Z""","""2022-08-16T00:00:00.000Z""","""1899-11-30T00:00:00.000Z""",0.444159291125,0.00466810249286
Horana,හොරණ,கொரணை,LK1309,Kalutara,කඵතර දිස්ත්‍රික්ක,களுத்துறை மாவட்டம,LK13,Western,බස්නාහිර පළාත,மேல் மாகாணம் ,LK1,Sri Lanka,ශ්‍රී ලංකා,இலங்கை,LK,"""2022-08-02T00:00:00.000Z""","""2022-08-16T00:00:00.000Z""","""1899-11-30T00:00:00.000Z""",0.573429106859,0.00910853708839
Ingiriya,ඉංගිරිය,இங்கிரிய,LK1310,Kalutara,කඵතර දිස්ත්‍රික්ක,களுத்துறை மாவட்டம,LK13,Western,බස්නාහිර පළාත,மேல் மாகாணம் ,LK1,Sri Lanka,ශ්‍රී ලංකා,இலங்கை,LK,"""2022-08-02T00:00:00.000Z""","""2022-08-16T00:00:00.000Z""","""1899-11-30T00:00:00.000Z""",0.432048948242,0.00774554428005
Bulathsinhala,බුලත්සිංහල,புலத்சிங்கள,LK1312,Kalutara,කඵතර දිස්ත්‍රික්ක,களுத்துறை மாவட்டம,LK13,Western,බස්නාහිර පළාත,மேல் மாகாணம் ,LK1,Sri Lanka,ශ්‍රී ලංකා,இலங்கை,LK,"""2022-08-02T00:00:00.000Z""","""2022-08-16T00:00:00.000Z""","""1899-11-30T00:00:00.000Z""",0.737802779975,0.0172575302349
Madurawala,මදුරාවෙල,மதுராவெலை,LK1315,Kalutara,කඵතර දිස්ත්‍රික්ක,களுத்துறை மாவட்டம,LK13,Western,බස්නාහිර පළාත,மேல் மாகாணம் ,LK1,Sri Lanka,ශ්‍රී ලංකා,இலங்கை,LK,"""2022-08-02T00:00:00.000Z""","""2022-08-16T00:00:00.000Z""","""1899-11-30T00:00:00.000Z""",0.57252594737,0.00508593962884
Millaniya,මිල්ලනිය,மில்லனிய,LK1318,Kalutara,කඵතර දිස්ත්‍රික්ක,களுத்துறை மாவட்டம,LK13,Western,බස්නාහිර පළාත,மேல் மாகாணம் ,LK1,Sri Lanka,ශ්‍රී ලංකා,இலங்கை,LK,"""2022-08-02T00:00:00.000Z""","""2022-08-16T00:00:00.000Z""","""1899-11-30T00:00:00.000Z""",0.490823663911,0.00649458450432
Kalutara,කඵතර,களுத்துறை,LK1321,Kalutara,කඵතර දිස්ත්‍රික්ක,களுத்துறை மாவட்டம,LK13,Western,බස්නාහිර පළාත,மேல் மாகாணம் ,LK1,Sri Lanka,ශ්‍රී ලංකා,இலங்கை,LK,"""2022-08-02T00:00:00.000Z""","""2022-08-16T00:00:00.000Z""","""1899-11-30T00:00:00.000Z""",0.529755935441,0.00617911317284
Beruwala,බේරුවල,பேருவளை,LK1324,Kalutara,කඵතර දිස්ත්‍රික්ක,களுத்துறை மாவட்டம,LK13,Western,බස්නාහිර පළාත,மேல் மாகாணம் ,LK1,Sri Lanka,ශ්‍රී ලංකා,இலங்கை,LK,"""2022-08-02T00:00:00.000Z""","""2022-08-16T00:00:00.000Z""","""1899-11-30T00:00:00.000Z""",0.523403001069,0.00601003146335
Dodangoda,දොඩංගොඩ,தொடாங்கொடை,LK1327,Kalutara,කඵතර දිස්ත්‍රික්ක,களுத்துறை மாவட்டம,LK13,Western,බස්නාහිර පළාත,மேல் மாகாணம் ,LK1,Sri Lanka,ශ්‍රී ලංකා,இலங்கை,LK,"""2022-08-02T00:00:00.000Z""","""2022-08-16T00:00:00.000Z""","""1899-11-30T00:00:00.000Z""",0.811579596634,0.00898180411059
Matugama,මතුගම,மதுகமை,LK1330,Kalutara,කඵතර දිස්ත්‍රික්ක,களுத்துறை மாவட்டம,LK13,Western,බස්නාහිර පළාත,மேல் மாகாணம் ,LK1,Sri Lanka,ශ්‍රී ලංකා,இலங்கை,LK,"""2022-08-02T00:00:00.000Z""","""2022-08-16T00:00:00.000Z""","""1899-11-30T00:00:00.000Z""",0.754466866618,0.0113536403916
Agalawatta,අගලවත්ත,அகலவத்தை,LK1333,Kalutara,කඵතර දිස්ත්‍රික්ක,களுத்துறை மாவட்டம,LK13,Western,බස්නාහිර පළාත,மேல் மாகாணம் ,LK1,Sri Lanka,ශ්‍රී ලංකා,இலங்கை,LK,"""2022-08-02T00:00:00.000Z""","""2022-08-16T00:00:00.000Z""","""1899-11-30T00:00:00.000Z""",0.636071419705,0.00754097845917
Palindanuwara,පාලින්දනුවර,பாலிந்தநுவரை,LK1336,Kalutara,කඵතර දිස්ත්‍රික්ක,களுத்துறை மாவட்டம,LK13,Western,බස්නාහිර පළාත,மேல் மாகாணம் ,LK1,Sri Lanka,ශ්‍රී ලංකා,இலங்கை,LK,"""2022-08-02T00:00:00.000Z""","""2022-08-16T00:00:00.000Z""","""1899-11-30T00:00:00.000Z""",0.860801573698,0.0232275333294
Walallawita,වලල්ලාවිට,வலல்லாவிட்டை,LK1339,Kalutara,කඵතර දිස්ත්‍රික්ක,களுத்துறை மாவட்டம,LK13,Western,බස්නාහිර පළාත,மேல் மாகாணம் ,LK1,Sri Lanka,ශ්‍රී ලංකා,இலங்கை,LK,"""2022-08-02T00:00:00.000Z""","""2022-08-16T00:00:00.000Z""","""1899-11-30T00:00:00.000Z""",0.802865854233,0.0172996431405
Tumpane,තුම්පනේ,தும்பனை,LK2103,Kandy,මහනුවර දිස්ත්‍රික,கண்டி மாவட்டம்,LK21,Central,මධ්‍යම පළාත,மத்திய மாகாணம்,LK2,Sri Lanka,ශ්‍රී ලංකා,இலங்கை,LK,"""2022-08-02T00:00:00.000Z""","""2022-08-16T00:00:00.000Z""","""1899-11-30T00:00:00.000Z""",0.416454423643,0.00417069518874
Poojapitiya,පූජාපිටිය,பூஜாப்பிட்டிய,LK2106,Kandy,මහනුවර දිස්ත්‍රික,கண்டி மாவட்டம்,LK21,Central,මධ්‍යම පළාත,மத்திய மாகாணம்,LK2,Sri Lanka,ශ්‍රී ලංකා,இலங்கை,LK,"""2022-08-02T00:00:00.000Z""","""2022-08-16T00:00:00.000Z""","""1899-11-30T00:00:00.000Z""",0.493135260266,0.00479995114686
Akurana,අකුරණ,அக்குரணை,LK2109,Kandy,මහනුවර දිස්ත්‍රික,கண்டி மாவட்டம்,LK21,Central,මධ්‍යම පළාත,மத்திய மாகாணம்,LK2,Sri Lanka,ශ්‍රී ලංකා,இலங்கை,LK,"""2022-08-02T00:00:00.000Z""","""2022-08-16T00:00:00.000Z""","""1899-11-30T00:00:00.000Z""",0.311532821668,0.0024492941292
Pathadumbara,පාතදුම්බර,பாத்ததும்பறை,LK2112,Kandy,මහනුවර දිස්ත්‍රික,கண்டி மாவட்டம்,LK21,Central,මධ්‍යම පළාත,மத்திய மாகாணம்,LK2,Sri Lanka,ශ්‍රී ලංකා,இலங்கை,LK,"""2022-08-02T00:00:00.000Z""","""2022-08-16T00:00:00.000Z""","""1899-11-30T00:00:00.000Z""",0.44622007389,0.0040130969769
Panvila,පන්විල,பன்விலை,LK2115,Kandy,මහනුවර දිස්ත්‍රික,கண்டி மாவட்டம்,LK21,Central,මධ්‍යම පළාත,மத்திய மாகாணம்,LK2,Sri Lanka,ශ්‍රී ලංකා,இலங்கை,LK,"""2022-08-02T00:00:00.000Z""","""2022-08-16T00:00:00.000Z""","""1899-11-30T00:00:00.000Z""",0.470148539401,0.0075867664121
Ududumbara,උඩදුම්බර,உடதும்பறை,LK2118,Kandy,මහනුවර දිස්ත්‍රික,கண்டி மாவட்டம்,LK21,Central,මධ්‍යම පළාත,மத்திய மாகாணம்,LK2,Sri Lanka,ශ්‍රී ලංකා,இலங்கை,LK,"""2022-08-02T00:00:00.000Z""","""2022-08-16T00:00:00.000Z""","""1899-11-30T00:00:00.000Z""",0.862471450199,0.0227293394155
Minipe,මිනිපේ,மினிப்பே,LK2121,Kandy,මහනුවර දිස්ත්‍රික,கண்டி மாவட்டம்,LK21,Central,මධ්‍යම පළාත,மத்திய மாகாணம்,LK2,Sri Lanka,ශ්‍රී ලංකා,இலங்கை,LK,"""2022-08-02T00:00:00.000Z""","""2022-08-16T00:00:00.000Z""","""1899-11-30T00:00:00.000Z""",0.92534413699,0.0204171920246
Medadumbara,මැදදුම්බර,மெடதும்பறை,LK2124,Kandy,මහනුවර දිස්ත්‍රික,கண்டி மாவட்டம்,LK21,Central,මධ්‍යම පළාත,மத்திய மாகாணம்,LK2,Sri Lanka,ශ්‍රී ලංකා,இலங்கை,LK,"""2022-08-02T00:00:00.000Z""","""2022-08-16T00:00:00.000Z""","""1899-11-30T00:00:00.000Z""",0.60735424264,0.0154612371179
Kundasale,කුන්ඩසාලේ,குண்டசாலை,LK2127,Kandy,මහනුවර දිස්ත්‍රික,கண்டி மாவட்டம்,LK21,Central,මධ්‍යම පළාත,மத்திய மாகாணம்,LK2,Sri Lanka,ශ්‍රී ලංකා,இலங்கை,LK,"""2022-08-02T00:00:00.000Z""","""2022-08-16T00:00:00.000Z""","""1899-11-30T00:00:00.000Z""",0.53789127835,0.00664867699947
Gangawata Korale,ගඟවටකෝරලේ,கண்டி,LK2130,Kandy,මහනුවර දිස්ත්‍රික,கண்டி மாவட்டம்,LK21,Central,මධ්‍යම පළාත,மத்திய மாகாணம்,LK2,Sri Lanka,ශ්‍රී ලංකා,இலங்கை,LK,"""2022-08-02T00:00:00.000Z""","""2022-08-16T00:00:00.000Z""","""1899-11-30T00:00:00.000Z""",0.544467604072,0.00488076604545
Harispattuwa,හාරිස්පත්තුව,கரிஸ்பத்துவை,LK2133,Kandy,මහනුවර දිස්ත්‍රික,கண்டி மாவட்டம்,LK21,Central,මධ්‍යම පළාත,மத்திய மாகாணம்,LK2,Sri Lanka,ශ්‍රී ලංකා,இலங்கை,LK,"""2022-08-02T00:00:00.000Z""","""2022-08-16T00:00:00.000Z""","""1899-11-30T00:00:00.000Z""",0.400246306093,0.00405362252429
Hatharaliyadda,හතරලියද්ද,கத்தராலியட்டை,LK2134,Kandy,මහනුවර දිස්ත්‍රික,கண்டி மாவட்டம்,LK21,Central,මධ්‍යම පළාත,மத்திய மாகாணம்,LK2,Sri Lanka,ශ්‍රී ලංකා,இலங்கை,LK,"""2022-08-02T00:00:00.000Z""","""2022-08-16T00:00:00.000Z""","""1899-11-30T00:00:00.000Z""",0.449065372491,0.00524030502294
Yatinuwara,යටිනුවර,யட்டிநுவரை,LK2136,Kandy,මහනුවර දිස්ත්‍රික,கண்டி மாவட்டம்,LK21,Central,මධ්‍යම පළාත,மத்திய மாகாணம்,LK2,Sri Lanka,ශ්‍රී ලංකා,இலங்கை,LK,"""2022-08-02T00:00:00.000Z""","""2022-08-16T00:00:00.000Z""","""1899-11-30T00:00:00.000Z""",0.436900708841,0.00565919716059
Udunuwara,උඩුනුවර,உடுநுவரை,LK2139,Kandy,මහනුවර දිස්ත්‍රික,கண்டி மாவட்டம்,LK21,Central,මධ්‍යම පළාත,மத்திய மாகாணம்,LK2,Sri Lanka,ශ්‍රී ලංකා,இலங்கை,LK,"""2022-08-02T00:00:00.000Z""","""2022-08-16T00:00:00.000Z""","""1899-11-30T00:00:00.000Z""",0.37050311814,0.00563590463778
Doluwa,දොලුව,டொலுவை,LK2142,Kandy,මහනුවර දිස්ත්‍රික,கண்டி மாவட்டம்,LK21,Central,මධ්‍යම පළාත,மத்திய மாகாணம்,LK2,Sri Lanka,ශ්‍රී ලංකා,இலங்கை,LK,"""2022-08-02T00:00:00.000Z""","""2022-08-16T00:00:00.000Z""","""1899-11-30T00:00:00.000Z""",0.500791054663,0.00765620024898
Pathahewaheta,පාතහේවාහැට,பாத்ததேவாகிட்டை,LK2145,Kandy,මහනුවර දිස්ත්‍රික,கண்டி மாவட்டம்,LK21,Central,මධ්‍යම පළාත,மத்திய மாகாணம்,LK2,Sri Lanka,ශ්‍රී ලංකා,இலங்கை,LK,"""2022-08-02T00:00:00.000Z""","""2022-08-16T00:00:00.000Z""","""1899-11-30T00:00:00.000Z""",0.495361888756,0.00686429141948
Deltota,දෙල්තොට,தெல்தோட்டை,LK2148,Kandy,මහනුවර දිස්ත්‍රික,கண்டி மாவட்டம்,LK21,Central,මධ්‍යම පළාත,மத்திய மாகாணம்,LK2,Sri Lanka,ශ්‍රී ලංකා,இலங்கை,LK,"""2022-08-02T00:00:00.000Z""","""2022-08-16T00:00:00.000Z""","""1899-11-30T00:00:00.000Z""",0.431158543847,0.00405185687145
Udapalatha,උඩපළාත,உடபத்தளை,LK2151,Kandy,මහනුවර දිස්ත්‍රික,கண்டி மாவட்டம்,LK21,Central,මධ්‍යම පළාත,மத்திய மாகாணம்,LK2,Sri Lanka,ශ්‍රී ලංකා,இலங்கை,LK,"""2022-08-02T00:00:00.000Z""","""2022-08-16T00:00:00.000Z""","""1899-11-30T00:00:00.000Z""",0.823597221846,0.00770404815939
Ganga Ihala Korale,ගඟඉහළකෝරලේ,கங்கா இகலை,LK2154,Kandy,මහනුවර දිස්ත්‍රික,கண்டி மாவட்டம்,LK21,Central,මධ්‍යම පළාත,மத்திய மாகாணம்,LK2,Sri Lanka,ශ්‍රී ලංකා,இலங்கை,LK,"""2022-08-02T00:00:00.000Z""","""2022-08-16T00:00:00.000Z""","""1899-11-30T00:00:00.000Z""",0.584348843434,0.00787221285126
Pasbagekorale,පස්බාගේකෝරලේ,பஸ்பாகே கோரளை,LK2157,Kandy,මහනුවර දිස්ත්‍රික,கண்டி மாவட்டம்,LK21,Central,මධ්‍යම පළාත,மத்திய மாகாணம்,LK2,Sri Lanka,ශ්‍රී ලංකා,இலங்கை,LK,"""2022-08-02T00:00:00.000Z""","""2022-08-16T00:00:00.000Z""","""1899-11-30T00:00:00.000Z""",0.59144905285,0.00994891775535
Galewela,ගලේවෙල,கலேவளை,LK2203,Matale,මාතලේ දිස්ත්‍රික්,மாத்தளை மாவட்டம்,LK22,Central,මධ්‍යම පළාත,மத்திய மாகாணம்,LK2,Sri Lanka,ශ්‍රී ලංකා,இலங்கை,LK,"""2022-08-02T00:00:00.000Z""","""2022-08-16T00:00:00.000Z""","""1899-11-30T00:00:00.000Z""",0.726287207011,0.0161441509927
Dambulla,දඹුල්ල,தம்புள்ளை,LK2206,Matale,මාතලේ දිස්ත්‍රික්,மாத்தளை மாவட்டம்,LK22,Central,මධ්‍යම පළාත,மத்திய மாகாணம்,LK2,Sri Lanka,ශ්‍රී ලංකා,இலங்கை,LK,"""2022-08-02T00:00:00.000Z""","""2022-08-16T00:00:00.000Z""","""1899-11-30T00:00:00.000Z""",1.09954774237,0.0371706592695
Naula,නාඋල,நாவுலை,LK2209,Matale,මාතලේ දිස්ත්‍රික්,மாத்தளை மாவட்டம்,LK22,Central,මධ්‍යම පළාත,மத்திய மாகாணம்,LK2,Sri Lanka,ශ්‍රී ලංකා,இலங்கை,LK,"""2022-08-02T00:00:00.000Z""","""2022-08-16T00:00:00.000Z""","""1899-11-30T00:00:00.000Z""",0.855183391194,0.0235949257933
Pallepola,පල්ලේපොල,பல்லேபொளை,LK2212,Matale,මාතලේ දිස්ත්‍රික්,மாத்தளை மாவட்டம்,LK22,Central,මධ්‍යම පළාත,மத்திய மாகாணம்,LK2,Sri Lanka,ශ්‍රී ලංකා,இலங்கை,LK,"""2022-08-02T00:00:00.000Z""","""2022-08-16T00:00:00.000Z""","""1899-11-30T00:00:00.000Z""",0.518330540652,0.00679358965256
Yatawatta,යටවත්ත,யட்டவத்தை,LK2215,Matale,මාතලේ දිස්ත්‍රික්,மாத்தளை மாவட்டம்,LK22,Central,මධ්‍යම පළාත,மத்திய மாகாணம்,LK2,Sri Lanka,ශ්‍රී ලංකා,இலங்கை,LK,"""2022-08-02T00:00:00.000Z""","""2022-08-16T00:00:00.000Z""","""1899-11-30T00:00:00.000Z""",0.479082992211,0.00552139818635
Matale,මාතලේ,மாத்தளை,LK2218,Matale,මාතලේ දිස්ත්‍රික්,மாத்தளை மாவட்டம்,LK22,Central,මධ්‍යම පළාත,மத்திய மாகாணம்,LK2,Sri Lanka,ශ්‍රී ලංකා,இலங்கை,LK,"""2022-08-02T00:00:00.000Z""","""2022-08-16T00:00:00.000Z""","""1899-11-30T00:00:00.000Z""",0.610197390326,0.00579758975428
Ambanganga,අඹන්ගඟ,அம்பன்கங்கை கோரளை,LK2221,Matale,මාතලේ දිස්ත්‍රික්,மாத்தளை மாவட்டம்,LK22,Central,මධ්‍යම පළාත,மத்திய மாகாணம்,LK2,Sri Lanka,ශ්‍රී ලංකා,இலங்கை,LK,"""2022-08-02T00:00:00.000Z""","""2022-08-16T00:00:00.000Z""","""1899-11-30T00:00:00.000Z""",0.394802547884,0.00453772218326
Laggala,ලග්ගල,லக்கலை-பல்லேகமை,LK2224,Matale,මාතලේ දිස්ත්‍රික්,மாத்தளை மாவட்டம்,LK22,Central,මධ්‍යම පළාත,மத்திய மாகாணம்,LK2,Sri Lanka,ශ්‍රී ලංකා,இலங்கை,LK,"""2022-08-02T00:00:00.000Z""","""2022-08-16T00:00:00.000Z""","""1899-11-30T00:00:00.000Z""",0.904373899009,0.0303093987415
Wilgamuwa,විල්ගමුව,வில்கமுவை,LK2227,Matale,මාතලේ දිස්ත්‍රික්,மாத்தளை மாவட்டம்,LK22,Central,මධ්‍යම පළාත,மத்திய மாகாணம்,LK2,Sri Lanka,ශ්‍රී ලංකා,இலங்கை,LK,"""2022-08-02T00:00:00.000Z""","""2022-08-16T00:00:00.000Z""","""1899-11-30T00:00:00.000Z""",0.747224320192,0.0238319233711
Rattota,රත්තොට,ரத்தோட்டை,LK2230,Matale,මාතලේ දිස්ත්‍රික්,மாத்தளை மாவட்டம்,LK22,Central,මධ්‍යම පළාත,மத்திய மாகாணம்,LK2,Sri Lanka,ශ්‍රී ලංකා,இலங்கை,LK,"""2022-08-02T00:00:00.000Z""","""2022-08-16T00:00:00.000Z""","""1899-11-30T00:00:00.000Z""",0.607165061633,0.00851292174585
Ukuwela,උකුවෙල,உக்குவெலை,LK2233,Matale,මාතලේ දිස්ත්‍රික්,மாத்தளை மாவட்டம்,LK22,Central,මධ්‍යම පළාත,மத்திய மாகாணம்,LK2,Sri Lanka,ශ්‍රී ලංකා,இலங்கை,LK,"""2022-08-02T00:00:00.000Z""","""2022-08-16T00:00:00.000Z""","""1899-11-30T00:00:00.000Z""",0.678917633011,0.00650952357153
Kothmale East,කොත්මලේ,கொத்மலை,LK2303,Nuwara Eliya,නුවරඑළිය දිස්ත්‍ර,நுவரேலியா மாவட்டம,LK23,Central,මධ්‍යම පළාත,மத்திய மாகாணம்,LK2,Sri Lanka,ශ්‍රී ලංකා,இலங்கை,LK,"""2022-08-02T00:00:00.000Z""","""2022-08-16T00:00:00.000Z""","""1899-11-30T00:00:00.000Z""",0.646108549536,0.0114579879608
Hanguranketa,හගුරන්කේත,ஹங்குரன்கெத்தை,LK2306,Nuwara Eliya,නුවරඑළිය දිස්ත්‍ර,நுவரேலியா மாவட்டம,LK23,Central,මධ්‍යම පළාත,மத்திய மாகாணம்,LK2,Sri Lanka,ශ්‍රී ලංකා,இலங்கை,LK,"""2022-08-02T00:00:00.000Z""","""2022-08-16T00:00:00.000Z""","""1899-11-30T00:00:00.000Z""",0.746136390853,0.0108777444918
Nildandahinna,නිල්දණ්ඩාහින්න,நீல்தண்டாஹின்ன,LK2309,Nuwara Eliya,නුවරඑළිය දිස්ත්‍ර,நுவரேலியா மாவட்டம,LK23,Central,මධ්‍යම පළාත,மத்திய மாகாணம்,LK2,Sri Lanka,ශ්‍රී ලංකා,இலங்கை,LK,"""2022-08-02T00:00:00.000Z""","""2022-08-16T00:00:00.000Z""","""1899-11-30T00:00:00.000Z""",0.780714545383,0.0140159155817
Nuwara Eliya,නුවර එළිය,நுவரெலியா,LK2312,Nuwara Eliya,නුවරඑළිය දිස්ත්‍ර,நுவரேலியா மாவட்டம,LK23,Central,මධ්‍යම පළාත,மத்திய மாகாணம்,LK2,Sri Lanka,ශ්‍රී ලංකා,இலங்கை,LK,"""2022-08-02T00:00:00.000Z""","""2022-08-16T00:00:00.000Z""","""1899-11-30T00:00:00.000Z""",1.14600670586,0.0181698474111
Ambagamuwa Korale,අඹගමුව,அம்பகமுவை,LK2315,Nuwara Eliya,නුවරඑළිය දිස්ත්‍ර,நுவரேலியா மாவட்டம,LK23,Central,මධ්‍යම පළාත,மத்திய மாகாணம்,LK2,Sri Lanka,ශ්‍රී ලංකා,இலங்கை,LK,"""2022-08-02T00:00:00.000Z""","""2022-08-16T00:00:00.000Z""","""1899-11-30T00:00:00.000Z""",0.733580134297,0.0110947764367
Mathurata,මතුරට,மதுரட்ட,LK2318,Nuwara Eliya,නුවරඑළිය දිස්ත්‍ර,நுவரேலியா மாவட்டம,LK23,Central,මධ්‍යම පළාත,மத்திய மாகாணம்,LK2,Sri Lanka,ශ්‍රී ලංකා,இலங்கை,LK,"""2022-08-02T00:00:00.000Z""","""2022-08-16T00:00:00.000Z""","""1899-11-30T00:00:00.000Z""",0.71549035426,0.00759870364788
Kothmale West,කොත්මලේ බටහිර,கொத்மலே மேற்கு,LK2321,Nuwara Eliya,නුවරඑළිය දිස්ත්‍ර,நுவரேலியா மாவட்டம,LK23,Central,මධ්‍යම පළාත,மத்திய மாகாணம்,LK2,Sri Lanka,ශ්‍රී ලංකා,இலங்கை,LK,"""2022-08-02T00:00:00.000Z""","""2022-08-16T00:00:00.000Z""","""1899-11-30T00:00:00.000Z""",0.5528733487,0.00710319015888
Walapane,වලපනේ,வலபனே,LK2324,Nuwara Eliya,නුවරඑළිය දිස්ත්‍ර,நுவரேலியா மாவட்டம,LK23,Central,මධ්‍යම පළාත,மத்திய மாகாணம்,LK2,Sri Lanka,ශ්‍රී ලංකා,இலங்கை,LK,"""2022-08-02T00:00:00.000Z""","""2022-08-16T00:00:00.000Z""","""1899-11-30T00:00:00.000Z""",0.753292630993,0.0124121781868
Thalawakele,තලවාකැලේ,தலவாக்கலே,LK2327,Nuwara Eliya,නුවරඑළිය දිස්ත්‍ර,நுவரேலியா மாவட்டம,LK23,Central,මධ්‍යම පළාත,மத்திய மாகாணம்,LK2,Sri Lanka,ශ්‍රී ලංකා,இலங்கை,LK,"""2022-08-02T00:00:00.000Z""","""2022-08-16T00:00:00.000Z""","""1899-11-30T00:00:00.000Z""",0.952413221775,0.0213147364723
Norwood,නෝර්වුඩ්,நோர்வூட்,LK2330,Nuwara Eliya,නුවරඑළිය දිස්ත්‍ර,நுவரேலியா மாவட்டம,LK23,Central,මධ්‍යම පළාත,மத்திய மாகாணம்,LK2,Sri Lanka,ශ්‍රී ලංකා,இலங்கை,LK,"""2022-08-02T00:00:00.000Z""","""2022-08-16T00:00:00.000Z""","""1899-11-30T00:00:00.000Z""",1.14393322792,0.0287340624184
Bentota,බෙන්තොට,பெந்தோட்டை,LK3103,Galle,ගාල්ල දිස්ත්‍රික්,காலி மாவட்டம்,LK31,Southern,දකුණු පළාත,தென் மாகாணம்,LK3,Sri Lanka,ශ්‍රී ලංකා,இலங்கை,LK,"""2022-08-02T00:00:00.000Z""","""2022-08-16T00:00:00.000Z""","""1899-11-30T00:00:00.000Z""",0.562396280915,0.00580072511543
Balapitiya,බලපිටිය,பலப்பிட்டி,LK3106,Galle,ගාල්ල දිස්ත්‍රික්,காலி மாவட்டம்,LK31,Southern,දකුණු පළාත,தென் மாகாணம்,LK3,Sri Lanka,ශ්‍රී ලංකා,இலங்கை,LK,"""2022-08-02T00:00:00.000Z""","""2022-08-16T00:00:00.000Z""","""1899-11-30T00:00:00.000Z""",0.427979284762,0.00443471823802
Karandeniya,කරන්දෙනිය,கரந்தெனிய,LK3109,Galle,ගාල්ල දිස්ත්‍රික්,காலி மாவட்டம்,LK31,Southern,දකුණු පළාත,தென் மாகாணம்,LK3,Sri Lanka,ශ්‍රී ලංකා,இலங்கை,LK,"""2022-08-02T00:00:00.000Z""","""2022-08-16T00:00:00.000Z""","""1899-11-30T00:00:00.000Z""",0.537754981522,0.00723642638717
Elpitiya,ඇල්පිටිය,எல்பிட்டி,LK3112,Galle,ගාල්ල දිස්ත්‍රික්,காலி மாவட்டம்,LK31,Southern,දකුණු පළාත,தென் மாகாணம்,LK3,Sri Lanka,ශ්‍රී ලංකා,இலங்கை,LK,"""2022-08-02T00:00:00.000Z""","""2022-08-16T00:00:00.000Z""","""1899-11-30T00:00:00.000Z""",0.650203280564,0.012310234267
Niyagama,නියාගම,நியாகமை,LK3115,Galle,ගාල්ල දිස්ත්‍රික්,காலி மாவட்டம்,LK31,Southern,දකුණු පළාත,தென் மாகாணம்,LK3,Sri Lanka,ශ්‍රී ලංකා,இலங்கை,LK,"""2022-08-02T00:00:00.000Z""","""2022-08-16T00:00:00.000Z""","""1899-11-30T00:00:00.000Z""",0.609414306598,0.0085291560173
Thawalama,තවලම,தவலமை,LK3118,Galle,ගාල්ල දිස්ත්‍රික්,காலி மாவட்டம்,LK31,Southern,දකුණු පළාත,தென் மாகாணம்,LK3,Sri Lanka,ශ්‍රී ලංකා,இலங்கை,LK,"""2022-08-02T00:00:00.000Z""","""2022-08-16T00:00:00.000Z""","""1899-11-30T00:00:00.000Z""",0.630181238148,0.0141946462976
Neluwa,නෙළුව,நெலுவை,LK3121,Galle,ගාල්ල දිස්ත්‍රික්,காலி மாவட்டம்,LK31,Southern,දකුණු පළාත,தென் மாகாணம்,LK3,Sri Lanka,ශ්‍රී ලංකා,இலங்கை,LK,"""2022-08-02T00:00:00.000Z""","""2022-08-16T00:00:00.000Z""","""1899-11-30T00:00:00.000Z""",0.626458236634,0.0124644434269
Nagoda,නාගොඩ,நாகொடை,LK3124,Galle,ගාල්ල දිස්ත්‍රික්,காலி மாவட்டம்,LK31,Southern,දකුණු පළාත,தென் மாகாணம்,LK3,Sri Lanka,ශ්‍රී ලංකා,இலங்கை,LK,"""2022-08-02T00:00:00.000Z""","""2022-08-16T00:00:00.000Z""","""1899-11-30T00:00:00.000Z""",0.697949139866,0.0141699180386
Baddegama,බද්දේගම,பத்தேகமை,LK3127,Galle,ගාල්ල දිස්ත්‍රික්,காலி மாவட்டம்,LK31,Southern,දකුණු පළාත,தென் மாகாணம்,LK3,Sri Lanka,ශ්‍රී ලංකා,இலங்கை,LK,"""2022-08-02T00:00:00.000Z""","""2022-08-16T00:00:00.000Z""","""1899-11-30T00:00:00.000Z""",0.539093528567,0.00544752553936
Welivitiya-Divitura,වැලිවිටිය-දිවිතුර,வெலிவிட்டிய திவித,LK3130,Galle,ගාල්ල දිස්ත්‍රික්,காலி மாவட்டம்,LK31,Southern,දකුණු පළාත,தென் மாகாணம்,LK3,Sri Lanka,ශ්‍රී ලංකා,இலங்கை,LK,"""2022-08-02T00:00:00.000Z""","""2022-08-16T00:00:00.000Z""","""1899-11-30T00:00:00.000Z""",0.497113726384,0.00461431413996
Ambalangoda,අම්බලන්ගොඩ,அம்பலாங்கொடை,LK3133,Galle,ගාල්ල දිස්ත්‍රික්,காலி மாவட்டம்,LK31,Southern,දකුණු පළාත,தென் மாகாணம்,LK3,Sri Lanka,ශ්‍රී ලංකා,இலங்கை,LK,"""2022-08-02T00:00:00.000Z""","""2022-08-16T00:00:00.000Z""","""1899-11-30T00:00:00.000Z""",0.480471871408,0.00402138356755
Gonapinuwala,ගෝනපීනුවල,கோனபின்னுவலை,LK3134,Galle,ගාල්ල දිස්ත්‍රික්,காலி மாவட்டம்,LK31,Southern,දකුණු පළාත,தென் மாகாணம்,LK3,Sri Lanka,ශ්‍රී ලංකා,இலங்கை,LK,"""2022-08-02T00:00:00.000Z""","""2022-08-16T00:00:00.000Z""","""1899-11-30T00:00:00.000Z""",0.282960362856,0.00207447876455
Hikkaduwa,හික්කඩුව,இக்கடுவை,LK3136,Galle,ගාල්ල දිස්ත්‍රික්,காலி மாவட்டம்,LK31,Southern,දකුණු පළාත,தென் மாகாணம்,LK3,Sri Lanka,ශ්‍රී ලංකා,இலங்கை,LK,"""2022-08-02T00:00:00.000Z""","""2022-08-16T00:00:00.000Z""","""1899-11-30T00:00:00.000Z""",0.26422446532,0.00106547280777
Galle 4 Gravets,කඩවත්සතර,காலி,LK3139,Galle,ගාල්ල දිස්ත්‍රික්,காலி மாவட்டம்,LK31,Southern,දකුණු පළාත,தென் மாகாணம்,LK3,Sri Lanka,ශ්‍රී ලංකා,இலங்கை,LK,"""2022-08-02T00:00:00.000Z""","""2022-08-16T00:00:00.000Z""","""1899-11-30T00:00:00.000Z""",0.350929067249,0.00182154401733
Bope-Poddala,බෝපෙ-පෝද්දල,போப்பே பொட்டலை,LK3142,Galle,ගාල්ල දිස්ත්‍රික්,காலி மாவட்டம்,LK31,Southern,දකුණු පළාත,தென் மாகாணம்,LK3,Sri Lanka,ශ්‍රී ලංකා,இலங்கை,LK,"""2022-08-02T00:00:00.000Z""","""2022-08-16T00:00:00.000Z""","""1899-11-30T00:00:00.000Z""",0.289039311299,0.00233720346656
Akmeemana,අක්මීමණ,அக்மீமனை,LK3145,Galle,ගාල්ල දිස්ත්‍රික්,காலி மாவட்டம்,LK31,Southern,දකුණු පළාත,தென் மாகாணம்,LK3,Sri Lanka,ශ්‍රී ලංකා,இலங்கை,LK,"""2022-08-02T00:00:00.000Z""","""2022-08-16T00:00:00.000Z""","""1899-11-30T00:00:00.000Z""",0.610661631884,0.00581568607309
Yakkalamulla,යක්කලමුල්ල,யக்கலமுல்லை,LK3148,Galle,ගාල්ල දිස්ත්‍රික්,காலி மாவட்டம்,LK31,Southern,දකුණු පළාත,தென் மாகாணம்,LK3,Sri Lanka,ශ්‍රී ලංකා,இலங்கை,LK,"""2022-08-02T00:00:00.000Z""","""2022-08-16T00:00:00.000Z""","""1899-11-30T00:00:00.000Z""",0.570958255022,0.00887831134611
Imaduwa,ඉමදුව,இமதுவை,LK3151,Galle,ගාල්ල දිස්ත්‍රික්,காலி மாவட்டம்,LK31,Southern,දකුණු පළාත,தென் மாகாணம்,LK3,Sri Lanka,ශ්‍රී ලංකා,இலங்கை,LK,"""2022-08-02T00:00:00.000Z""","""2022-08-16T00:00:00.000Z""","""1899-11-30T00:00:00.000Z""",0.453942929979,0.00476650750933
Habaraduwa,හබරාදුව,கபராதுவை,LK3154,Galle,ගාල්ල දිස්ත්‍රික්,காலி மாவட்டம்,LK31,Southern,දකුණු පළාත,தென் மாகாணம்,LK3,Sri Lanka,ශ්‍රී ලංකා,இலங்கை,LK,"""2022-08-02T00:00:00.000Z""","""2022-08-16T00:00:00.000Z""","""1899-11-30T00:00:00.000Z""",0.57238029254,0.00398666259823
Wanduramba,වඳුරාඹ,வந்துரம்ப,LK3157,Galle,ගාල්ල දිස්ත්‍රික්,காலி மாவட்டம்,LK31,Southern,දකුණු පළාත,தென் மாகாணம்,LK3,Sri Lanka,ශ්‍රී ලංකා,இலங்கை,LK,"""2022-08-02T00:00:00.000Z""","""2022-08-16T00:00:00.000Z""","""1899-11-30T00:00:00.000Z""",0.429214988646,0.00377291608937
Madampagama,මාදම්පාගම,மாதம்பாகம,LK3160,Galle,ගාල්ල දිස්ත්‍රික්,காலி மாவட்டம்,LK31,Southern,දකුණු පළාත,தென் மாகாணம்,LK3,Sri Lanka,ශ්‍රී ලංකා,இலங்கை,LK,"""2022-08-02T00:00:00.000Z""","""2022-08-16T00:00:00.000Z""","""1899-11-30T00:00:00.000Z""",0.326437503887,0.00191071134788
Rathgama,රත්ගම,ரத்கம,LK3163,Galle,ගාල්ල දිස්ත්‍රික්,காலி மாவட்டம்,LK31,Southern,දකුණු පළාත,தென் மாகாணம்,LK3,Sri Lanka,ශ්‍රී ලංකා,இலங்கை,LK,"""2022-08-02T00:00:00.000Z""","""2022-08-16T00:00:00.000Z""","""1899-11-30T00:00:00.000Z""",0.238089633957,0.00218469128071
Pitabaddara,පිටබැද්දර,பிட்டபத்தறை,LK3203,Matara,මාතර දිස්ත්‍රික්ක,மாத்தறை மாவட்டம்,LK32,Southern,දකුණු පළාත,தென் மாகாணம்,LK3,Sri Lanka,ශ්‍රී ලංකා,இலங்கை,LK,"""2022-08-02T00:00:00.000Z""","""2022-08-16T00:00:00.000Z""","""1899-11-30T00:00:00.000Z""",0.714820479798,0.0111934873013
Kotapola,කොටපොල,கொட்டப்பொலை,LK3206,Matara,මාතර දිස්ත්‍රික්ක,மாத்தறை மாவட்டம்,LK32,Southern,දකුණු පළාත,தென் மாகாணம்,LK3,Sri Lanka,ශ්‍රී ලංකා,இலங்கை,LK,"""2022-08-02T00:00:00.000Z""","""2022-08-16T00:00:00.000Z""","""1899-11-30T00:00:00.000Z""",0.710567694567,0.0146272562082
Pasgoda,පස්ගොඩ,பஸ்கொடை,LK3209,Matara,මාතර දිස්ත්‍රික්ක,மாத்தறை மாவட்டம்,LK32,Southern,දකුණු පළාත,தென் மாகாணம்,LK3,Sri Lanka,ශ්‍රී ලංකා,இலங்கை,LK,"""2022-08-02T00:00:00.000Z""","""2022-08-16T00:00:00.000Z""","""1899-11-30T00:00:00.000Z""",0.630083854416,0.0125855695375
Mulatiyana,මුලටියන,முலட்டியானை,LK3212,Matara,මාතර දිස්ත්‍රික්ක,மாத்தறை மாவட்டம்,LK32,Southern,දකුණු පළාත,தென் மாகாணம்,LK3,Sri Lanka,ශ්‍රී ලංකා,இலங்கை,LK,"""2022-08-02T00:00:00.000Z""","""2022-08-16T00:00:00.000Z""","""1899-11-30T00:00:00.000Z""",0.540225650917,0.00983659377089
Athuraliya,අතුරලිය,அத்துரலிய,LK3215,Matara,මාතර දිස්ත්‍රික්ක,மாத்தறை மாவட்டம்,LK32,Southern,දකුණු පළාත,தென் மாகாணம்,LK3,Sri Lanka,ශ්‍රී ලංකා,இலங்கை,LK,"""2022-08-02T00:00:00.000Z""","""2022-08-16T00:00:00.000Z""","""1899-11-30T00:00:00.000Z""",0.437249443961,0.00515103023579
Akuressa,අකුරැස්ස,அக்குரசை,LK3218,Matara,මාතර දිස්ත්‍රික්ක,மாத்தறை மாவட்டம்,LK32,Southern,දකුණු පළාත,தென் மாகாணம்,LK3,Sri Lanka,ශ්‍රී ලංකා,இலங்கை,LK,"""2022-08-02T00:00:00.000Z""","""2022-08-16T00:00:00.000Z""","""1899-11-30T00:00:00.000Z""",0.762081127324,0.0122594313216
Welipitiya,වැලිපිටිය,வெலிபிட்டிய,LK3221,Matara,මාතර දිස්ත්‍රික්ක,மாத்தறை மாவட்டம்,LK32,Southern,දකුණු පළාත,தென் மாகாணம்,LK3,Sri Lanka,ශ්‍රී ලංකා,இலங்கை,LK,"""2022-08-02T00:00:00.000Z""","""2022-08-16T00:00:00.000Z""","""1899-11-30T00:00:00.000Z""",0.578612610772,0.00566069153885
Malimbada,මාලිම්බඩ,மாலிம்படை,LK3224,Matara,මාතර දිස්ත්‍රික්ක,மாத்தறை மாவட்டம்,LK32,Southern,දකුණු පළාත,தென் மாகாணம்,LK3,Sri Lanka,ශ්‍රී ලංකා,இலங்கை,LK,"""2022-08-02T00:00:00.000Z""","""2022-08-16T00:00:00.000Z""","""1899-11-30T00:00:00.000Z""",0.425519472411,0.00350080715329
Kaburupitiya,කඹුරුපිටිය,கம்புறுபிட்டிய,LK3227,Matara,මාතර දිස්ත්‍රික්ක,மாத்தறை மாவட்டம்,LK32,Southern,දකුණු පළාත,தென் மாகாணம்,LK3,Sri Lanka,ශ්‍රී ලංකා,இலங்கை,LK,"""2022-08-02T00:00:00.000Z""","""2022-08-16T00:00:00.000Z""","""1899-11-30T00:00:00.000Z""",0.469959139712,0.00472854361049
Hakmana,හක්මන,கக்மனை,LK3230,Matara,මාතර දිස්ත්‍රික්ක,மாத்தறை மாவட்டம்,LK32,Southern,දකුණු පළාත,தென் மாகாணம்,LK3,Sri Lanka,ශ්‍රී ලංකා,இலங்கை,LK,"""2022-08-02T00:00:00.000Z""","""2022-08-16T00:00:00.000Z""","""1899-11-30T00:00:00.000Z""",0.356640905252,0.0040450087876
Kirinda Puhulwella,කිරින්ද පුහුල්වැල,கிரிந்தை புகுவெல்,LK3233,Matara,මාතර දිස්ත්‍රික්ක,மாத்தறை மாவட்டம்,LK32,Southern,දකුණු පළාත,தென் மாகாணம்,LK3,Sri Lanka,ශ්‍රී ලංකා,இலங்கை,LK,"""2022-08-02T00:00:00.000Z""","""2022-08-16T00:00:00.000Z""","""1899-11-30T00:00:00.000Z""",0.419688557325,0.00342301042033
Thihagoda,තිහගොඩ,திக்கொடை,LK3236,Matara,මාතර දිස්ත්‍රික්ක,மாத்தறை மாவட்டம்,LK32,Southern,දකුණු පළාත,தென் மாகாணம்,LK3,Sri Lanka,ශ්‍රී ලංකා,இலங்கை,LK,"""2022-08-02T00:00:00.000Z""","""2022-08-16T00:00:00.000Z""","""1899-11-30T00:00:00.000Z""",0.48755073351,0.00431329259293
Weligama,වැලිගම,வெலிகமை,LK3239,Matara,මාතර දිස්ත්‍රික්ක,மாத்தறை மாவட்டம்,LK32,Southern,දකුණු පළාත,தென் மாகாணம்,LK3,Sri Lanka,ශ්‍රී ලංකා,இலங்கை,LK,"""2022-08-02T00:00:00.000Z""","""2022-08-16T00:00:00.000Z""","""1899-11-30T00:00:00.000Z""",0.52561413826,0.00348670494866
Matara Four Gravets,මාතර කඩවත්සතර,மாத்தறை,LK3242,Matara,මාතර දිස්ත්‍රික්ක,மாத்தறை மாவட்டம்,LK32,Southern,දකුණු පළාත,தென் மாகாணம்,LK3,Sri Lanka,ශ්‍රී ලංකා,இலங்கை,LK,"""2022-08-02T00:00:00.000Z""","""2022-08-16T00:00:00.000Z""","""1899-11-30T00:00:00.000Z""",0.504783043542,0.00462520830431
Devinuwara,දෙවිනුවර,தெவிநுவரை,LK3245,Matara,මාතර දිස්ත්‍රික්ක,மாத்தறை மாவட்டம்,LK32,Southern,දකුණු පළාත,தென் மாகாணம்,LK3,Sri Lanka,ශ්‍රී ලංකා,இலங்கை,LK,"""2022-08-02T00:00:00.000Z""","""2022-08-16T00:00:00.000Z""","""1899-11-30T00:00:00.000Z""",0.581856814758,0.00311642323769
Dikwella,දික්වැල්ල,திக்வெலை,LK3248,Matara,මාතර දිස්ත්‍රික්ක,மாத்தறை மாவட்டம்,LK32,Southern,දකුණු පළාත,தென் மாகாணம்,LK3,Sri Lanka,ශ්‍රී ලංකා,இலங்கை,LK,"""2022-08-02T00:00:00.000Z""","""2022-08-16T00:00:00.000Z""","""1899-11-30T00:00:00.000Z""",0.431973324278,0.00417436756768
Sooriyawewa,සූරියවැව,சூரியவெவை,LK3303,Hambantota,හම්බන්තොට දිස්ත්‍,அம்பாந்தோட்டை மாவ,LK33,Southern,දකුණු පළාත,தென் மாகாணம்,LK3,Sri Lanka,ශ්‍රී ලංකා,இலங்கை,LK,"""2022-08-02T00:00:00.000Z""","""2022-08-16T00:00:00.000Z""","""1899-11-30T00:00:00.000Z""",0.781341090165,0.015825892063
Lunugamwehera,ලුණුගම්වෙහෙර,லுனுகம்வெகரை,LK3306,Hambantota,හම්බන්තොට දිස්ත්‍,அம்பாந்தோட்டை மாவ,LK33,Southern,දකුණු පළාත,தென் மாகாணம்,LK3,Sri Lanka,ශ්‍රී ලංකා,இலங்கை,LK,"""2022-08-02T00:00:00.000Z""","""2022-08-16T00:00:00.000Z""","""1899-11-30T00:00:00.000Z""",1.14537804653,0.02328465553
Thissamaharama,තිස්සමහාරාම,திஸ்சமகாராமை,LK3309,Hambantota,හම්බන්තොට දිස්ත්‍,அம்பாந்தோட்டை மாவ,LK33,Southern,දකුණු පළාත,தென் மாகாணம்,LK3,Sri Lanka,ශ්‍රී ලංකා,இலங்கை,LK,"""2022-08-02T00:00:00.000Z""","""2022-08-16T00:00:00.000Z""","""1899-11-30T00:00:00.000Z""",1.78241511833,0.0647424666436
Hambantota,හම්බන්තොට,அம்பாந்தோட்டை,LK3312,Hambantota,හම්බන්තොට දිස්ත්‍,அம்பாந்தோட்டை மாவ,LK33,Southern,දකුණු පළාත,தென் மாகாணம்,LK3,Sri Lanka,ශ්‍රී ලංකා,இலங்கை,LK,"""2022-08-02T00:00:00.000Z""","""2022-08-16T00:00:00.000Z""","""1899-11-30T00:00:00.000Z""",1.28547654825,0.0280895397485
Ambalantota,අම්බලන්තොට,அம்பலாந்தோட்டை,LK3315,Hambantota,හම්බන්තොට දිස්ත්‍,அம்பாந்தோட்டை மாவ,LK33,Southern,දකුණු පළාත,தென் மாகாணம்,LK3,Sri Lanka,ශ්‍රී ලංකා,இலங்கை,LK,"""2022-08-02T00:00:00.000Z""","""2022-08-16T00:00:00.000Z""","""1899-11-30T00:00:00.000Z""",0.724385734898,0.0173864718729
Angunakolapelessa,අඟුණුකොළපැලැස්ස,அங்குனகொலபெலஸ்சை,LK3318,Hambantota,හම්බන්තොට දිස්ත්‍,அம்பாந்தோட்டை மாவ,LK33,Southern,දකුණු පළාත,தென் மாகாணம்,LK3,Sri Lanka,ශ්‍රී ලංකා,இலங்கை,LK,"""2022-08-02T00:00:00.000Z""","""2022-08-16T00:00:00.000Z""","""1899-11-30T00:00:00.000Z""",0.7255320079,0.014041137177
Weeraketiya,වීරකැටිය,வீரகெட்டிய,LK3321,Hambantota,හම්බන්තොට දිස්ත්‍,அம்பாந்தோட்டை மாவ,LK33,Southern,දකුණු පළාත,தென் மாகாணம்,LK3,Sri Lanka,ශ්‍රී ලංකා,இலங்கை,LK,"""2022-08-02T00:00:00.000Z""","""2022-08-16T00:00:00.000Z""","""1899-11-30T00:00:00.000Z""",0.640786224233,0.0093696550815
Katuwana,කටුවන,கட்டுவனை,LK3324,Hambantota,හම්බන්තොට දිස්ත්‍,அம்பாந்தோட்டை மாவ,LK33,Southern,දකුණු පළාත,தென் மாகாணம்,LK3,Sri Lanka,ශ්‍රී ලංකා,இலங்கை,LK,"""2022-08-02T00:00:00.000Z""","""2022-08-16T00:00:00.000Z""","""1899-11-30T00:00:00.000Z""",0.549360733561,0.00858735848353
Walasmulla,වලස්මුල්ල,வலஸ்முல்லை,LK3325,Hambantota,හම්බන්තොට දිස්ත්‍,அம்பாந்தோட்டை மாவ,LK33,Southern,දකුණු පළාත,தென் மாகாணம்,LK3,Sri Lanka,ශ්‍රී ලංකා,இலங்கை,LK,"""2022-08-02T00:00:00.000Z""","""2022-08-16T00:00:00.000Z""","""1899-11-30T00:00:00.000Z""",0.666546990953,0.00887035129087
Okewela,ඕකේවෙල,ஒக்வெலை,LK3327,Hambantota,හම්බන්තොට දිස්ත්‍,அம்பாந்தோட்டை மாவ,LK33,Southern,දකුණු පළාත,தென் மாகாணம்,LK3,Sri Lanka,ශ්‍රී ලංකා,இலங்கை,LK,"""2022-08-02T00:00:00.000Z""","""2022-08-16T00:00:00.000Z""","""1899-11-30T00:00:00.000Z""",0.432290410223,0.00344261721032
Beliatta,බෙලිඅත්ත,பெலியத்தை,LK3330,Hambantota,හම්බන්තොට දිස්ත්‍,அம்பாந்தோட்டை மாவ,LK33,Southern,දකුණු පළාත,தென் மாகாணம்,LK3,Sri Lanka,ශ්‍රී ලංකා,இலங்கை,LK,"""2022-08-02T00:00:00.000Z""","""2022-08-16T00:00:00.000Z""","""1899-11-30T00:00:00.000Z""",0.570798282098,0.00838871740444
Tangalle,තංගල්ල,தங்காலை,LK3333,Hambantota,හම්බන්තොට දිස්ත්‍,அம்பாந்தோட்டை மாவ,LK33,Southern,දකුණු පළාත,தென் மாகாணம்,LK3,Sri Lanka,ශ්‍රී ලංකා,இலங்கை,LK,"""2022-08-02T00:00:00.000Z""","""2022-08-16T00:00:00.000Z""","""1899-11-30T00:00:00.000Z""",0.808934372265,0.0124791301189
Islands North (Kayts),දුපත උතුර (කයිට්ස්),ஊர்காவற்றுறை,LK4103,Jaffna,යාපනය දිස්ත්‍රික්,யாழ்ப்பாணம் மாவட்,LK41,Northern,උතුරු පළාත,வட மாகாணம்,LK4,Sri Lanka,ශ්‍රී ලංකා,இலங்கை,LK,"""2022-08-02T00:00:00.000Z""","""2022-08-16T00:00:00.000Z""","""1899-11-30T00:00:00.000Z""",0.51113299745,0.00267502083822
Karainagar,කාරෛනගර්,காரைநகர்,LK4104,Jaffna,යාපනය දිස්ත්‍රික්,யாழ்ப்பாணம் மாவட்,LK41,Northern,උතුරු පළාත,வட மாகாணம்,LK4,Sri Lanka,ශ්‍රී ලංකා,இலங்கை,LK,"""2022-08-02T00:00:00.000Z""","""2022-08-16T00:00:00.000Z""","""1899-11-30T00:00:00.000Z""",0.259497099124,0.00194766751607
Valikamam West (Chankanai),වලිකාමම් බටහිර (චන,சங்கானை,LK4106,Jaffna,යාපනය දිස්ත්‍රික්,யாழ்ப்பாணம் மாவட்,LK41,Northern,උතුරු පළාත,வட மாகாணம்,LK4,Sri Lanka,ශ්‍රී ලංකා,இலங்கை,LK,"""2022-08-02T00:00:00.000Z""","""2022-08-16T00:00:00.000Z""","""1899-11-30T00:00:00.000Z""",0.499341685374,0.00403259380389
Valikamam South West (Sandilipay),වලිකාමම් නිරිත (සං,சண்டிலிப்பாய்,LK4109,Jaffna,යාපනය දිස්ත්‍රික්,யாழ்ப்பாணம் மாவட்,LK41,Northern,උතුරු පළාත,வட மாகாணம்,LK4,Sri Lanka,ශ්‍රී ලංකා,இலங்கை,LK,"""2022-08-02T00:00:00.000Z""","""2022-08-16T00:00:00.000Z""","""1899-11-30T00:00:00.000Z""",0.531935430067,0.00392671417695
Valikamam North (Thllippalai),වලිකාමම් උතුර (තෙල,தெல்லிப்பழை,LK4112,Jaffna,යාපනය දිස්ත්‍රික්,யாழ்ப்பாணம் மாவட்,LK41,Northern,උතුරු පළාත,வட மாகாணம்,LK4,Sri Lanka,ශ්‍රී ලංකා,இலங்கை,LK,"""2022-08-02T00:00:00.000Z""","""2022-08-16T00:00:00.000Z""","""1899-11-30T00:00:00.000Z""",0.472035955898,0.00508339610386
Valikamam South (Uduvil),වලිකාමම් දකුණ (උඩු,உடுவில்,LK4115,Jaffna,යාපනය දිස්ත්‍රික්,யாழ்ப்பாணம் மாவட்,LK41,Northern,උතුරු පළාත,வட மாகாணம்,LK4,Sri Lanka,ශ්‍රී ලංකා,இலங்கை,LK,"""2022-08-02T00:00:00.000Z""","""2022-08-16T00:00:00.000Z""","""1899-11-30T00:00:00.000Z""",0.382424445619,0.00283289616188
Valikamam East (Kopay),වලිකාමම් නැගෙනහිර,கோப்பாய்,LK4118,Jaffna,යාපනය දිස්ත්‍රික්,யாழ்ப்பாணம் மாவட்,LK41,Northern,උතුරු පළාත,வட மாகாணம்,LK4,Sri Lanka,ශ්‍රී ලංකා,இலங்கை,LK,"""2022-08-02T00:00:00.000Z""","""2022-08-16T00:00:00.000Z""","""1899-11-30T00:00:00.000Z""",0.586488788582,0.00896101026685
Vadamaradchchi South-West (Karaveddy),වඩමාරච්චි නිරිත (ක,கரவெட்டி,LK4121,Jaffna,යාපනය දිස්ත්‍රික්,யாழ்ப்பாணம் மாவட்,LK41,Northern,උතුරු පළාත,வட மாகாணம்,LK4,Sri Lanka,ශ්‍රී ලංකා,இலங்கை,LK,"""2022-08-02T00:00:00.000Z""","""2022-08-16T00:00:00.000Z""","""1899-11-30T00:00:00.000Z""",0.445917197611,0.00712478199328
Vadamaradchchi East,වඩමාරච්චි නැගෙනහි,மருதங்கேணி,LK4124,Jaffna,යාපනය දිස්ත්‍රික්,யாழ்ப்பாணம் மாவட்,LK41,Northern,උතුරු පළාත,வட மாகாணம்,LK4,Sri Lanka,ශ්‍රී ලංකා,இலங்கை,LK,"""2022-08-02T00:00:00.000Z""","""2022-08-16T00:00:00.000Z""","""1899-11-30T00:00:00.000Z""",1.0661954938,0.0155799794083
Vadamaradchi North (Point Pedro),වඩමාරච්චි උතුර (පේ,பருத்தித்துறை,LK4127,Jaffna,යාපනය දිස්ත්‍රික්,யாழ்ப்பாணம் மாவட்,LK41,Northern,උතුරු පළාත,வட மாகாணம்,LK4,Sri Lanka,ශ්‍රී ලංකා,இலங்கை,LK,"""2022-08-02T00:00:00.000Z""","""2022-08-16T00:00:00.000Z""","""1899-11-30T00:00:00.000Z""",0.448028691973,0.00323097215714
Thenmaradchi (Chavakachcheri),තේන්මාරච්චි (ජාවකච,சாவகச்சேரி,LK4130,Jaffna,යාපනය දිස්ත්‍රික්,யாழ்ப்பாணம் மாவட்,LK41,Northern,උතුරු පළාත,வட மாகாணம்,LK4,Sri Lanka,ශ්‍රී ලංකා,இலங்கை,LK,"""2022-08-02T00:00:00.000Z""","""2022-08-16T00:00:00.000Z""","""1899-11-30T00:00:00.000Z""",1.49276283684,0.0194483951058
Nallur,නල්ලූර්,நல்லூர்,LK4133,Jaffna,යාපනය දිස්ත්‍රික්,யாழ்ப்பாணம் மாவட்,LK41,Northern,උතුරු පළාත,வட மாகாணம்,LK4,Sri Lanka,ශ්‍රී ලංකා,இலங்கை,LK,"""2022-08-02T00:00:00.000Z""","""2022-08-16T00:00:00.000Z""","""1899-11-30T00:00:00.000Z""",0.551595906557,0.0026917239883
Jaffna,යාපනය,யாழ்ப்பாணம்,LK4136,Jaffna,යාපනය දිස්ත්‍රික්,யாழ்ப்பாணம் மாவட்,LK41,Northern,උතුරු පළාත,வட மாகாணம்,LK4,Sri Lanka,ශ්‍රී ලංකා,இலங்கை,LK,"""2022-08-02T00:00:00.000Z""","""2022-08-16T00:00:00.000Z""","""1899-11-30T00:00:00.000Z""",0.248504917997,0.00090413145903
Islands South (Velanai),දුපත දකුණ (වෙලනයි),வேலணை,LK4139,Jaffna,යාපනය දිස්ත්‍රික්,யாழ்ப்பாணம் மாவட்,LK41,Northern,උතුරු පළාත,வட மாகாணம்,LK4,Sri Lanka,ශ්‍රී ලංකා,இலங்கை,LK,"""2022-08-02T00:00:00.000Z""","""2022-08-16T00:00:00.000Z""","""1899-11-30T00:00:00.000Z""",1.63203210821,0.00747366062267
Delft,ඩෙල්ෆ්,நெடுந்தீவு,LK4142,Jaffna,යාපනය දිස්ත්‍රික්,யாழ்ப்பாணம் மாவட்,LK41,Northern,උතුරු පළාත,வட மாகாணம்,LK4,Sri Lanka,ශ්‍රී ලංකා,இலங்கை,LK,"""2022-08-02T00:00:00.000Z""","""2022-08-16T00:00:00.000Z""","""1899-11-30T00:00:00.000Z""",0.344077382768,0.00398874908481
Mannar Town,මන්නාරම නගර,மன்னார் நகரம்,LK4203,Mannar,මන්නාරම දිස්ත්‍රි,மன்னார் மாவட்டம்,LK42,Northern,උතුරු පළාත,வட மாகாணம்,LK4,Sri Lanka,ශ්‍රී ලංකා,இலங்கை,LK,"""2022-08-02T00:00:00.000Z""","""2022-08-16T00:00:00.000Z""","""1899-11-30T00:00:00.000Z""",1.77750463871,0.0181044594964
Manthai West,මාන්තෛ බටහිර,மாந்தை மேற்கு,LK4206,Mannar,මන්නාරම දිස්ත්‍රි,மன்னார் மாவட்டம்,LK42,Northern,උතුරු පළාත,வட மாகாணம்,LK4,Sri Lanka,ශ්‍රී ලංකා,இலங்கை,LK,"""2022-08-02T00:00:00.000Z""","""2022-08-16T00:00:00.000Z""","""1899-11-30T00:00:00.000Z""",1.36812716365,0.0505714213074
Madhu,මඩු,மடு,LK4209,Mannar,මන්නාරම දිස්ත්‍රි,மன்னார் மாவட்டம்,LK42,Northern,උතුරු පළාත,வட மாகாணம்,LK4,Sri Lanka,ශ්‍රී ලංකා,இலங்கை,LK,"""2022-08-02T00:00:00.000Z""","""2022-08-16T00:00:00.000Z""","""1899-11-30T00:00:00.000Z""",1.28487096837,0.0464394973096
Nanaddan,නානාට්ටාන්,நானாட்டான்,LK4212,Mannar,මන්නාරම දිස්ත්‍රි,மன்னார் மாவட்டம்,LK42,Northern,උතුරු පළාත,வட மாகாணம்,LK4,Sri Lanka,ශ්‍රී ලංකා,இலங்கை,LK,"""2022-08-02T00:00:00.000Z""","""2022-08-16T00:00:00.000Z""","""1899-11-30T00:00:00.000Z""",1.33084352477,0.0121147456166
Musali,මූසාලේ,முசலி,LK4215,Mannar,මන්නාරම දිස්ත්‍රි,மன்னார் மாவட்டம்,LK42,Northern,උතුරු පළාත,வட மாகாணம்,LK4,Sri Lanka,ශ්‍රී ලංකා,இலங்கை,LK,"""2022-08-02T00:00:00.000Z""","""2022-08-16T00:00:00.000Z""","""1899-11-30T00:00:00.000Z""",1.07616367672,0.0380601283766
Vavuniya North,වවුනියාව උතුර,வவுனியா வடக்கு,LK4303,Vavuniya,වවුනියා දිස්ත්‍රි,வவுனியா மாவட்டம்,LK43,Northern,උතුරු පළාත,வட மாகாணம்,LK4,Sri Lanka,ශ්‍රී ලංකා,இலங்கை,LK,"""2022-08-02T00:00:00.000Z""","""2022-08-16T00:00:00.000Z""","""1899-11-30T00:00:00.000Z""",1.36488581081,0.0564672970622
Vavuniya South,වවුනියාව දකුණ,வவுனியா தெற்கு,LK4306,Vavuniya,වවුනියා දිස්ත්‍රි,வவுனியா மாவட்டம்,LK43,Northern,උතුරු පළාත,வட மாகாணம்,LK4,Sri Lanka,ශ්‍රී ලංකා,இலங்கை,LK,"""2022-08-02T00:00:00.000Z""","""2022-08-16T00:00:00.000Z""","""1899-11-30T00:00:00.000Z""",1.79517573559,0.0177692745821
Vavuniya,වවුනියාව,வவுனியா,LK4309,Vavuniya,වවුනියා දිස්ත්‍රි,வவுனியா மாவட்டம்,LK43,Northern,උතුරු පළාත,வட மாகாணம்,LK4,Sri Lanka,ශ්‍රී ලංකා,இலங்கை,LK,"""2022-08-02T00:00:00.000Z""","""2022-08-16T00:00:00.000Z""","""1899-11-30T00:00:00.000Z""",1.81705744697,0.0506995117637
Vengalacheddikulam,වෙන්ගලචෙඩ්ඩිකුලම,வெங்கலச்செட்டிக்,LK4312,Vavuniya,වවුනියා දිස්ත්‍රි,வவுனியா மாவட்டம்,LK43,Northern,උතුරු පළාත,வட மாகாணம்,LK4,Sri Lanka,ශ්‍රී ලංකා,இலங்கை,LK,"""2022-08-02T00:00:00.000Z""","""2022-08-16T00:00:00.000Z""","""1899-11-30T00:00:00.000Z""",1.47124464721,0.034103136671
Thunukkai,තුනුක්‌කායි,துணுக்காய்,LK4403,Mullaitivu,මුලතිවු දිස්ත්‍රි,முல்லைத்தீவு மாவட,LK44,Northern,උතුරු පළාත,வட மாகாணம்,LK4,Sri Lanka,ශ්‍රී ලංකා,இலங்கை,LK,"""2022-08-02T00:00:00.000Z""","""2022-08-16T00:00:00.000Z""","""1899-11-30T00:00:00.000Z""",0.776741712288,0.0270849440544
Manthai East,මාන්තේ නැගෙනහිර,மாந்தை கிழக்கு,LK4406,Mullaitivu,මුලතිවු දිස්ත්‍රි,முல்லைத்தீவு மாவட,LK44,Northern,උතුරු පළාත,வட மாகாணம்,LK4,Sri Lanka,ශ්‍රී ලංකා,இலங்கை,LK,"""2022-08-02T00:00:00.000Z""","""2022-08-16T00:00:00.000Z""","""1899-11-30T00:00:00.000Z""",1.03009780401,0.0399604613192
Puthukkudiyiruppu,පුදුකුඩිඉරිප්පු,புதுக்குடியிருப்,LK4409,Mullaitivu,මුලතිවු දිස්ත්‍රි,முல்லைத்தீவு மாவட,LK44,Northern,උතුරු පළාත,வட மாகாணம்,LK4,Sri Lanka,ශ්‍රී ලංකා,இலங்கை,LK,"""2022-08-02T00:00:00.000Z""","""2022-08-16T00:00:00.000Z""","""1899-11-30T00:00:00.000Z""",0.930804997832,0.0268725692762
Oddusuddan,ඔඩ්ඩුසුඩාන්,ஒட்டுசுட்டான்,LK4412,Mullaitivu,මුලතිවු දිස්ත්‍රි,முல்லைத்தீவு மாவட,LK44,Northern,උතුරු පළාත,வட மாகாணம்,LK4,Sri Lanka,ශ්‍රී ලංකා,இலங்கை,LK,"""2022-08-02T00:00:00.000Z""","""2022-08-16T00:00:00.000Z""","""1899-11-30T00:00:00.000Z""",1.59574419524,0.0627352125562
Maritimepattu,මුහුදුබඩපත්තුව,கரைதுறைப்பற்று,LK4415,Mullaitivu,මුලතිවු දිස්ත්‍රි,முல்லைத்தீவு மாவட,LK44,Northern,උතුරු පළාත,வட மாகாணம்,LK4,Sri Lanka,ශ්‍රී ලංකා,இலங்கை,LK,"""2022-08-02T00:00:00.000Z""","""2022-08-16T00:00:00.000Z""","""1899-11-30T00:00:00.000Z""",1.71602081253,0.0503983189171
Welioya,වැලි ඔය,மனல் ஆரு,LK4418,Mullaitivu,මුලතිවු දිස්ත්‍රි,முல்லைத்தீவு மாவட,LK44,Northern,උතුරු පළාත,வட மாகாணம்,LK4,Sri Lanka,ශ්‍රී ලංකා,இலங்கை,LK,"""2022-08-02T00:00:00.000Z""","""2022-08-16T00:00:00.000Z""","""1899-11-30T00:00:00.000Z""",0.765138126806,0.0135120661251
Pachchilaipalli,පලෙයි (පච්චිලේපලෙය,பச்சிலைப்பள்ளி,LK4503,Kilinochchi,කිලිනොච්චි දිස්ත්,கிளிநொச்சி மாவட்ட,LK45,Northern,උතුරු පළාත,வட மாகாணம்,LK4,Sri Lanka,ශ්‍රී ලංකා,இலங்கை,LK,"""2022-08-02T00:00:00.000Z""","""2022-08-16T00:00:00.000Z""","""1899-11-30T00:00:00.000Z""",0.709974677919,0.0144977273024
Kandavalai,කණ්ඩාවලෙයි,கண்டாவளை,LK4506,Kilinochchi,කිලිනොච්චි දිස්ත්,கிளிநொச்சி மாவட்ட,LK45,Northern,උතුරු පළාත,வட மாகாணம்,LK4,Sri Lanka,ශ්‍රී ලංකා,இலங்கை,LK,"""2022-08-02T00:00:00.000Z""","""2022-08-16T00:00:00.000Z""","""1899-11-30T00:00:00.000Z""",1.1671952753,0.0225827993811
Karachchi,කරච්චි,கரைச்சி,LK4509,Kilinochchi,කිලිනොච්චි දිස්ත්,கிளிநொச்சி மாவட்ட,LK45,Northern,උතුරු පළාත,வட மாகாணம்,LK4,Sri Lanka,ශ්‍රී ලංකා,இலங்கை,LK,"""2022-08-02T00:00:00.000Z""","""2022-08-16T00:00:00.000Z""","""1899-11-30T00:00:00.000Z""",1.68003909707,0.0325582868616
Poonakary,පුනරීන්,பூநகரி,LK4512,Kilinochchi,කිලිනොච්චි දිස්ත්,கிளிநொச்சி மாவட்ட,LK45,Northern,උතුරු පළාත,வட மாகாணம்,LK4,Sri Lanka,ශ්‍රී ලංකා,இலங்கை,LK,"""2022-08-02T00:00:00.000Z""","""2022-08-16T00:00:00.000Z""","""1899-11-30T00:00:00.000Z""",2.904894023,0.0389681291485
Koralai Pattu North,කෝරළේ පත්තු උතුර,கோறளைப் பற்று வடக்,LK5103,Batticaloa,මඩකලපුව දිස්ත්‍රි,மட்டக்களப்பு மாவட,LK51,Eastern,නැගෙනහිර පළාත,கிழக்கு மாகாணம்,LK5,Sri Lanka,ශ්‍රී ලංකා,இலங்கை,LK,"""2022-08-02T00:00:00.000Z""","""2022-08-16T00:00:00.000Z""","""1899-11-30T00:00:00.000Z""",1.72819806685,0.0422888714691
Koralai Pattu Central,කෝරලේපත්තු මධ්‍යම,கோரலைபத்து மத்திய,LK5104,Batticaloa,මඩකලපුව දිස්ත්‍රි,மட்டக்களப்பு மாவட,LK51,Eastern,නැගෙනහිර පළාත,கிழக்கு மாகாணம்,LK5,Sri Lanka,ශ්‍රී ලංකා,இலங்கை,LK,"""2022-08-02T00:00:00.000Z""","""2022-08-16T00:00:00.000Z""","""1899-11-30T00:00:00.000Z""",0.245201471078,0.000659176082152
Koralai Pattu West,කෝරළේ පත්තු බටහිර,கோறளைப் பற்று மேற்,LK5106,Batticaloa,මඩකලපුව දිස්ත්‍රි,மட்டக்களப்பு மாவட,LK51,Eastern,නැගෙනහිර පළාත,கிழக்கு மாகாணம்,LK5,Sri Lanka,ශ්‍රී ලංකා,இலங்கை,LK,"""2022-08-02T00:00:00.000Z""","""2022-08-16T00:00:00.000Z""","""1899-11-30T00:00:00.000Z""",0.336789358099,0.00188076529319
Koralai Pattu,කෝරළේ පත්තු,கோறளைப் பற்று,LK5109,Batticaloa,මඩකලපුව දිස්ත්‍රි,மட்டக்களப்பு மாவட,LK51,Eastern,නැගෙනහිර පළාත,கிழக்கு மாகாணம்,LK5,Sri Lanka,ශ්‍රී ලංකා,இலங்கை,LK,"""2022-08-02T00:00:00.000Z""","""2022-08-16T00:00:00.000Z""","""1899-11-30T00:00:00.000Z""",0.44612767873,0.00251668227314
Koralai Pattu South,කෝරළේ පත්තු දකුණ,கோறளைப் பற்று தெற்,LK5110,Batticaloa,මඩකලපුව දිස්ත්‍රි,மட்டக்களப்பு மாவட,LK51,Eastern,නැගෙනහිර පළාත,கிழக்கு மாகாணம்,LK5,Sri Lanka,ශ්‍රී ලංකා,இலங்கை,LK,"""2022-08-02T00:00:00.000Z""","""2022-08-16T00:00:00.000Z""","""1899-11-30T00:00:00.000Z""",1.41037077409,0.0490603059488
Eravur Pattu,එරාවූර් පත්තු,ஏறாவூர்ப் பற்று,LK5115,Batticaloa,මඩකලපුව දිස්ත්‍රි,மட்டக்களப்பு மாவட,LK51,Eastern,නැගෙනහිර පළාත,கிழக்கு மாகாணம்,LK5,Sri Lanka,ශ්‍රී ලංකා,இலங்கை,LK,"""2022-08-02T00:00:00.000Z""","""2022-08-16T00:00:00.000Z""","""1899-11-30T00:00:00.000Z""",1.71024541994,0.0491130931476
Manmunai North,මාන්මුනේ උතුර,மண்முனை வடக்கு,LK5118,Batticaloa,මඩකලපුව දිස්ත්‍රි,மட்டக்களப்பு மாவட,LK51,Eastern,නැගෙනහිර පළාත,கிழக்கு மாகாணம்,LK5,Sri Lanka,ශ්‍රී ලංකා,இலங்கை,LK,"""2022-08-02T00:00:00.000Z""","""2022-08-16T00:00:00.000Z""","""1899-11-30T00:00:00.000Z""",0.730478763931,0.00374602629148
Manmunai West,මාන්මුනේ බටහිර,மண்முனை மேற்கு,LK5121,Batticaloa,මඩකලපුව දිස්ත්‍රි,மட்டக்களப்பு மாவட,LK51,Eastern,නැගෙනහිර පළාත,கிழக்கு மாகாணம்,LK5,Sri Lanka,ශ්‍රී ලංකා,இலங்கை,LK,"""2022-08-02T00:00:00.000Z""","""2022-08-16T00:00:00.000Z""","""1899-11-30T00:00:00.000Z""",1.01371797547,0.0229933119933
Kattankudy,කාත්තන්කුඩි,காத்தான்குடி,LK5124,Batticaloa,මඩකලපුව දිස්ත්‍රි,மட்டக்களப்பு மாவட,LK51,Eastern,නැගෙනහිර පළාත,கிழக்கு மாகாணம்,LK5,Sri Lanka,ශ්‍රී ලංකා,இலங்கை,LK,"""2022-08-02T00:00:00.000Z""","""2022-08-16T00:00:00.000Z""","""1899-11-30T00:00:00.000Z""",0.0803483375447,0.00031763960718
Manmunai Pattu,මාන්මුනේ පත්තු,மண்முனைப் பற்று,LK5127,Batticaloa,මඩකලපුව දිස්ත්‍රි,மட்டக்களப்பு மாவட,LK51,Eastern,නැගෙනහිර පළාත,கிழக்கு மாகாணம்,LK5,Sri Lanka,ශ්‍රී ලංකා,இலங்கை,LK,"""2022-08-02T00:00:00.000Z""","""2022-08-16T00:00:00.000Z""","""1899-11-30T00:00:00.000Z""",0.255574544152,0.00208561268882
Manmunai South West,මාන්මුනේ නිරිත,மண்முனை தென் மேற்க,LK5130,Batticaloa,මඩකලපුව දිස්ත්‍රි,மட்டக்களப்பு மாவட,LK51,Eastern,නැගෙනහිර පළාත,கிழக்கு மாகாணம்,LK5,Sri Lanka,ශ්‍රී ලංකා,இலங்கை,LK,"""2022-08-02T00:00:00.000Z""","""2022-08-16T00:00:00.000Z""","""1899-11-30T00:00:00.000Z""",0.891262440912,0.011891951319
Porativu Pattu,පොරතිවු පත්තු,போரதீவுப்பற்று,LK5133,Batticaloa,මඩකලපුව දිස්ත්‍රි,மட்டக்களப்பு மாவட,LK51,Eastern,නැගෙනහිර පළාත,கிழக்கு மாகாணம்,LK5,Sri Lanka,ශ්‍රී ලංකා,இலங்கை,LK,"""2022-08-02T00:00:00.000Z""","""2022-08-16T00:00:00.000Z""","""1899-11-30T00:00:00.000Z""",0.792260148691,0.0130432672025
Manmunai South & Eruvil Pattu,මාන්මුනේ දකුණ සහ එ,மண்முனை தெற்கும் எ,LK5136,Batticaloa,මඩකලපුව දිස්ත්‍රි,மட்டக்களப்பு மாவட,LK51,Eastern,නැගෙනහිර පළාත,கிழக்கு மாகாணம்,LK5,Sri Lanka,ශ්‍රී ලංකා,இலங்கை,LK,"""2022-08-02T00:00:00.000Z""","""2022-08-16T00:00:00.000Z""","""1899-11-30T00:00:00.000Z""",0.626001154045,0.00359828997155
Eravur Town,එරාවූර් නගර,ஏறாவூர் நகரம்,LK5139,Batticaloa,මඩකලපුව දිස්ත්‍රි,மட்டக்களப்பு மாவட,LK51,Eastern,නැගෙනහිර පළාත,கிழக்கு மாகாணம்,LK5,Sri Lanka,ශ්‍රී ලංකා,இலங்கை,LK,"""2022-08-02T00:00:00.000Z""","""2022-08-16T00:00:00.000Z""","""1899-11-30T00:00:00.000Z""",0.053545264469,0.000152862158178
Dehiattakandiya,දෙහිඅත්තකණ්ඩිය,தெகியத்தகண்டிய,LK5203,Ampara,අම්පාර දිස්ත්‍රික,அம்பாறை மாவட்டம்,LK52,Eastern,නැගෙනහිර පළාත,கிழக்கு மாகாணம்,LK5,Sri Lanka,ශ්‍රී ලංකා,இலங்கை,LK,"""2022-08-02T00:00:00.000Z""","""2022-08-16T00:00:00.000Z""","""1899-11-30T00:00:00.000Z""",1.10166732339,0.0306620603069
Padiyathalawa,පදියතලාව,பதியத்தலாவை,LK5206,Ampara,අම්පාර දිස්ත්‍රික,அம்பாறை மாவட்டம்,LK52,Eastern,නැගෙනහිර පළාත,கிழக்கு மாகாணம்,LK5,Sri Lanka,ශ්‍රී ලංකා,இலங்கை,LK,"""2022-08-02T00:00:00.000Z""","""2022-08-16T00:00:00.000Z""","""1899-11-30T00:00:00.000Z""",1.17681230711,0.0317995995721
Mahaoya,මහඔය,மகா ஓயா,LK5209,Ampara,අම්පාර දිස්ත්‍රික,அம்பாறை மாவட்டம்,LK52,Eastern,නැගෙනහිර පළාත,கிழக்கு மாகாணம்,LK5,Sri Lanka,ශ්‍රී ලංකා,இலங்கை,LK,"""2022-08-02T00:00:00.000Z""","""2022-08-16T00:00:00.000Z""","""1899-11-30T00:00:00.000Z""",1.40709290136,0.0557492109422
Uhana,උහන,உகணை,LK5212,Ampara,අම්පාර දිස්ත්‍රික,அம்பாறை மாவட்டம்,LK52,Eastern,නැගෙනහිර පළාත,கிழக்கு மாகாணம்,LK5,Sri Lanka,ශ්‍රී ලංකා,இலங்கை,LK,"""2022-08-02T00:00:00.000Z""","""2022-08-16T00:00:00.000Z""","""1899-11-30T00:00:00.000Z""",1.15169958738,0.0438642884949
Ampara,අම්පාර,அம்பாறை,LK5215,Ampara,අම්පාර දිස්ත්‍රික,அம்பாறை மாவட்டம்,LK52,Eastern,නැගෙනහිර පළාත,கிழக்கு மாகாணம்,LK5,Sri Lanka,ශ්‍රී ලංකා,இலங்கை,LK,"""2022-08-02T00:00:00.000Z""","""2022-08-16T00:00:00.000Z""","""1899-11-30T00:00:00.000Z""",0.781411832481,0.011424170934
Navithanveli,නවිදන්වැලි,நாவிதன்வெளி,LK5216,Ampara,අම්පාර දිස්ත්‍රික,அம்பாறை மாவட்டம்,LK52,Eastern,නැගෙනහිර පළාත,கிழக்கு மாகாணம்,LK5,Sri Lanka,ශ්‍රී ලංකා,இலங்கை,LK,"""2022-08-02T00:00:00.000Z""","""2022-08-16T00:00:00.000Z""","""1899-11-30T00:00:00.000Z""",0.430693751008,0.0065373760059
Sammanthurai,සම්මන්තුරේ,சம்மாந்துறை,LK5218,Ampara,අම්පාර දිස්ත්‍රික,அம்பாறை மாவட்டம்,LK52,Eastern,නැගෙනහිර පළාත,கிழக்கு மாகாணம்,LK5,Sri Lanka,ශ්‍රී ලංකා,இலங்கை,LK,"""2022-08-02T00:00:00.000Z""","""2022-08-16T00:00:00.000Z""","""1899-11-30T00:00:00.000Z""",0.573932218889,0.00891900755845
Kalmunai,කල්මුනේ,கல்முனை,LK5221,Ampara,අම්පාර දිස්ත්‍රික,அம்பாறை மாவட்டம்,LK52,Eastern,නැගෙනහිර පළාත,கிழக்கு மாகாணம்,LK5,Sri Lanka,ශ්‍රී ලංකා,இலங்கை,LK,"""2022-08-02T00:00:00.000Z""","""2022-08-16T00:00:00.000Z""","""1899-11-30T00:00:00.000Z""",0.227064203596,0.00171301414741
Sainthamaruthu,සයින්දමරුතු,சாய்ந்தமருது,LK5225,Ampara,අම්පාර දිස්ත්‍රික,அம்பாறை மாவட்டம்,LK52,Eastern,නැගෙනහිර පළාත,கிழக்கு மாகாணம்,LK5,Sri Lanka,ශ්‍රී ලංකා,இலங்கை,LK,"""2022-08-02T00:00:00.000Z""","""2022-08-16T00:00:00.000Z""","""1899-11-30T00:00:00.000Z""",0.0730876908089,0.000274452620549
Karaitivu,කරෙයිතිවු,காரைதீவு,LK5227,Ampara,අම්පාර දිස්ත්‍රික,அம்பாறை மாவட்டம்,LK52,Eastern,නැගෙනහිර පළාත,கிழக்கு மாகாணம்,LK5,Sri Lanka,ශ්‍රී ලංකා,இலங்கை,LK,"""2022-08-02T00:00:00.000Z""","""2022-08-16T00:00:00.000Z""","""1899-11-30T00:00:00.000Z""",0.122647667267,0.000830927334559
Nintavur,නීන්දවුර්,நிந்தவூர்,LK5230,Ampara,අම්පාර දිස්ත්‍රික,அம்பாறை மாவட்டம்,LK52,Eastern,නැගෙනහිර පළාත,கிழக்கு மாகாணம்,LK5,Sri Lanka,ශ්‍රී ලංකා,இலங்கை,LK,"""2022-08-02T00:00:00.000Z""","""2022-08-16T00:00:00.000Z""","""1899-11-30T00:00:00.000Z""",0.253246226485,0.00294323163621
Addalaichenai,අඩ්ඩාලච්චේන,அட்டாளைச்சேனை,LK5233,Ampara,අම්පාර දිස්ත්‍රික,அம்பாறை மாவட்டம்,LK52,Eastern,නැගෙනහිර පළාත,கிழக்கு மாகாணம்,LK5,Sri Lanka,ශ්‍රී ලංකා,இலங்கை,LK,"""2022-08-02T00:00:00.000Z""","""2022-08-16T00:00:00.000Z""","""1899-11-30T00:00:00.000Z""",0.445882282401,0.00609218624536
Irakkamam,ඉරක්කාමම්,இறக்காமம்,LK5234,Ampara,අම්පාර දිස්ත්‍රික,அம்பாறை மாவட்டம்,LK52,Eastern,නැගෙනහිර පළාත,கிழக்கு மாகாணம்,LK5,Sri Lanka,ශ්‍රී ලංකා,இலங்கை,LK,"""2022-08-02T00:00:00.000Z""","""2022-08-16T00:00:00.000Z""","""1899-11-30T00:00:00.000Z""",0.473304442932,0.00550418161673
Akkaraipattu,අක්කරපත්තුව,அக்கறைப்பற்று,LK5236,Ampara,අම්පාර දිස්ත්‍රික,அம்பாறை மாவட்டம்,LK52,Eastern,නැගෙනහිර පළාත,கிழக்கு மாகாணம்,LK5,Sri Lanka,ශ්‍රී ලංකා,இலங்கை,LK,"""2022-08-02T00:00:00.000Z""","""2022-08-16T00:00:00.000Z""","""1899-11-30T00:00:00.000Z""",0.50559344173,0.00439495368426
Alayadivembu,අලයාඩිවෙම්බු,ஆலயடிவேம்பு,LK5239,Ampara,අම්පාර දිස්ත්‍රික,அம்பாறை மாவட்டம்,LK52,Eastern,නැගෙනහිර පළාත,கிழக்கு மாகாணம்,LK5,Sri Lanka,ශ්‍රී ලංකා,இலங்கை,LK,"""2022-08-02T00:00:00.000Z""","""2022-08-16T00:00:00.000Z""","""1899-11-30T00:00:00.000Z""",0.436961615636,0.00570530001494
Damana,දමන,தமனை,LK5242,Ampara,අම්පාර දිස්ත්‍රික,அம்பாறை மாவட்டம்,LK52,Eastern,නැගෙනහිර පළාත,கிழக்கு மாகாணம்,LK5,Sri Lanka,ශ්‍රී ලංකා,இலங்கை,LK,"""2022-08-02T00:00:00.000Z""","""2022-08-16T00:00:00.000Z""","""1899-11-30T00:00:00.000Z""",1.18267569651,0.0400725782075
Tirukkovil,තිරුක්කෝවිල්,திருக்கோவில்,LK5245,Ampara,අම්පාර දිස්ත්‍රික,அம்பாறை மாவட்டம்,LK52,Eastern,නැගෙනහිර පළාත,கிழக்கு மாகாணம்,LK5,Sri Lanka,ශ්‍රී ලංකා,இலங்கை,LK,"""2022-08-02T00:00:00.000Z""","""2022-08-16T00:00:00.000Z""","""1899-11-30T00:00:00.000Z""",0.740673344289,0.0178838334038
Pottuvil,පොතුවිල්,பொத்துவில்,LK5248,Ampara,අම්පාර දිස්ත්‍රික,அம்பாறை மாவட்டம்,LK52,Eastern,නැගෙනහිර පළාත,கிழக்கு மாகாணம்,LK5,Sri Lanka,ශ්‍රී ලංකා,இலங்கை,LK,"""2022-08-02T00:00:00.000Z""","""2022-08-16T00:00:00.000Z""","""1899-11-30T00:00:00.000Z""",0.92037227818,0.0253140252024
Lahugala,ලාහුගල,லகுகலை,LK5251,Ampara,අම්පාර දිස්ත්‍රික,அம்பாறை மாவட்டம்,LK52,Eastern,නැගෙනහිර පළාත,கிழக்கு மாகாணம்,LK5,Sri Lanka,ශ්‍රී ලංකා,இலங்கை,LK,"""2022-08-02T00:00:00.000Z""","""2022-08-16T00:00:00.000Z""","""1899-11-30T00:00:00.000Z""",1.26751474344,0.0666854395816
Padavi Sri Pura,පදවි ශ්‍රී පුර,பதவிசிறிபுர,LK5303,Trincomalee,ත්‍රිකුණාමළය දිස්,திருகோணமலை மாவட்ட,LK53,Eastern,නැගෙනහිර පළාත,கிழக்கு மாகாணம்,LK5,Sri Lanka,ශ්‍රී ලංකා,இலங்கை,LK,"""2022-08-02T00:00:00.000Z""","""2022-08-16T00:00:00.000Z""","""1899-11-30T00:00:00.000Z""",0.65797518549,0.00931653160389
Kuchchaweli,කුච්චවේලි,குச்சவெளி,LK5306,Trincomalee,ත්‍රිකුණාමළය දිස්,திருகோணமலை மாவட்ட,LK53,Eastern,නැගෙනහිර පළාත,கிழக்கு மாகாணம்,LK5,Sri Lanka,ශ්‍රී ලංකා,இலங்கை,LK,"""2022-08-02T00:00:00.000Z""","""2022-08-16T00:00:00.000Z""","""1899-11-30T00:00:00.000Z""",1.32011203992,0.0367343598562
Gomarankadawala,ගෝමරන්කඩවල,கோமரங்கடவல,LK5309,Trincomalee,ත්‍රිකුණාමළය දිස්,திருகோணமலை மாவட்ட,LK53,Eastern,නැගෙනහිර පළාත,கிழக்கு மாகாணம்,LK5,Sri Lanka,ශ්‍රී ලංකා,இலங்கை,LK,"""2022-08-02T00:00:00.000Z""","""2022-08-16T00:00:00.000Z""","""1899-11-30T00:00:00.000Z""",0.799202621585,0.0252540041956
Morawewa,මොරවැව,மொரவெவ,LK5312,Trincomalee,ත්‍රිකුණාමළය දිස්,திருகோணமலை மாவட்ட,LK53,Eastern,නැගෙනහිර පළාත,கிழக்கு மாகாணம்,LK5,Sri Lanka,ශ්‍රී ලංකා,இலங்கை,LK,"""2022-08-02T00:00:00.000Z""","""2022-08-16T00:00:00.000Z""","""1899-11-30T00:00:00.000Z""",0.88979642123,0.0228481728468
Town & Gravets,ත්‍රිකුණාමල,திருகோணமலை,LK5315,Trincomalee,ත්‍රිකුණාමළය දිස්,திருகோணமலை மாவட்ட,LK53,Eastern,නැගෙනහිර පළාත,கிழக்கு மாகாணம்,LK5,Sri Lanka,ශ්‍රී ලංකා,இலங்கை,LK,"""2022-08-02T00:00:00.000Z""","""2022-08-16T00:00:00.000Z""","""1899-11-30T00:00:00.000Z""",1.05811789811,0.0106625790162
Thambalagamuwa,තඹලගමුව,தம்பலகாமம்,LK5318,Trincomalee,ත්‍රිකුණාමළය දිස්,திருகோணமலை மாவட்ட,LK53,Eastern,නැගෙනහිර පළාත,கிழக்கு மாகாணம்,LK5,Sri Lanka,ශ්‍රී ලංකා,இலங்கை,LK,"""2022-08-02T00:00:00.000Z""","""2022-08-16T00:00:00.000Z""","""1899-11-30T00:00:00.000Z""",0.876941494932,0.0225167464531
Kantale,කන්තලේ,கந்தளாய்,LK5321,Trincomalee,ත්‍රිකුණාමළය දිස්,திருகோணமலை மாவட்ட,LK53,Eastern,නැගෙනහිර පළාත,கிழக்கு மாகாணம்,LK5,Sri Lanka,ශ්‍රී ලංකා,இலங்கை,LK,"""2022-08-02T00:00:00.000Z""","""2022-08-16T00:00:00.000Z""","""1899-11-30T00:00:00.000Z""",1.03209489543,0.03387978999
Kinniya,කින්නියා,கிண்ணியா,LK5324,Trincomalee,ත්‍රිකුණාමළය දිස්,திருகோணமலை மாவட்ட,LK53,Eastern,නැගෙනහිර පළාත,கிழக்கு மாகாணம்,LK5,Sri Lanka,ශ්‍රී ලංකා,இலங்கை,LK,"""2022-08-02T00:00:00.000Z""","""2022-08-16T00:00:00.000Z""","""1899-11-30T00:00:00.000Z""",0.623714771604,0.0124433593563
Muthur,මුත්තූර්,மூதூர்,LK5327,Trincomalee,ත්‍රිකුණාමළය දිස්,திருகோணமலை மாவட்ட,LK53,Eastern,නැගෙනහිර පළාත,கிழக்கு மாகாணம்,LK5,Sri Lanka,ශ්‍රී ලංකා,இலங்கை,LK,"""2022-08-02T00:00:00.000Z""","""2022-08-16T00:00:00.000Z""","""1899-11-30T00:00:00.000Z""",0.855251484112,0.0159435694055
Seruvila,සේරුවිල,சேருவிலை,LK5330,Trincomalee,ත්‍රිකුණාමළය දිස්,திருகோணமலை மாவட்ட,LK53,Eastern,නැගෙනහිර පළාත,கிழக்கு மாகாணம்,LK5,Sri Lanka,ශ්‍රී ලංකා,இலங்கை,LK,"""2022-08-02T00:00:00.000Z""","""2022-08-16T00:00:00.000Z""","""1899-11-30T00:00:00.000Z""",1.12825845101,0.02407502248
Verugal,වෙරුගල්,வெருகல் - ஈச்சிலம்,LK5333,Trincomalee,ත්‍රිකුණාමළය දිස්,திருகோணமலை மாவட்ட,LK53,Eastern,නැගෙනහිර පළාත,கிழக்கு மாகாணம்,LK5,Sri Lanka,ශ්‍රී ලංකා,இலங்கை,LK,"""2022-08-02T00:00:00.000Z""","""2022-08-16T00:00:00.000Z""","""1899-11-30T00:00:00.000Z""",0.548735367228,0.00743170369003
Giribawa,ගිරිබාව,கிரிபாவை,LK6103,Kurunegala,කුරුණෑගල දිස්ත්‍ර,குருநாகல் மாவட்டம,LK61,North Western,වයඹ පළාත,வட மேல் மாகாணம்,LK6,Sri Lanka,ශ්‍රී ලංකා,இலங்கை,LK,"""2022-08-02T00:00:00.000Z""","""2022-08-16T00:00:00.000Z""","""1899-11-30T00:00:00.000Z""",0.644688312204,0.0168483027797
Galgamuwa,ගල්ගමුව,கல்கமுவை,LK6106,Kurunegala,කුරුණෑගල දිස්ත්‍ර,குருநாகல் மாவட்டம,LK61,North Western,වයඹ පළාත,வட மேல் மாகாணம்,LK6,Sri Lanka,ශ්‍රී ලංකා,இலங்கை,LK,"""2022-08-02T00:00:00.000Z""","""2022-08-16T00:00:00.000Z""","""1899-11-30T00:00:00.000Z""",1.07628982562,0.0224085006488
Ehetuwewa,ඇහැටුවැව,எகடுவெவை,LK6109,Kurunegala,කුරුණෑගල දිස්ත්‍ර,குருநாகல் மாவட்டம,LK61,North Western,වයඹ පළාත,வட மேல் மாகாணம்,LK6,Sri Lanka,ශ්‍රී ලංකා,இலங்கை,LK,"""2022-08-02T00:00:00.000Z""","""2022-08-16T00:00:00.000Z""","""1899-11-30T00:00:00.000Z""",0.873355658625,0.014066359098
Ambanpola,අඹන්පොළ,அம்பன்பொலை,LK6112,Kurunegala,කුරුණෑගල දිස්ත්‍ර,குருநாகல் மாவட்டம,LK61,North Western,වයඹ පළාත,வட மேல் மாகாணம்,LK6,Sri Lanka,ශ්‍රී ලංකා,இலங்கை,LK,"""2022-08-02T00:00:00.000Z""","""2022-08-16T00:00:00.000Z""","""1899-11-30T00:00:00.000Z""",0.580997190223,0.0115073133021
Kotawehera,කොටවෙහෙර,கொட்டவெகரை,LK6115,Kurunegala,කුරුණෑගල දිස්ත්‍ර,குருநாகல் மாவட்டம,LK61,North Western,වයඹ පළාත,வட மேல் மாகாணம்,LK6,Sri Lanka,ශ්‍රී ලංකා,இலங்கை,LK,"""2022-08-02T00:00:00.000Z""","""2022-08-16T00:00:00.000Z""","""1899-11-30T00:00:00.000Z""",0.823889211877,0.0155424657964
Rasnayakapura,රස්නායකපුර,இரஸ்நாயக்கபுரம்,LK6118,Kurunegala,කුරුණෑගල දිස්ත්‍ර,குருநாகல் மாவட்டம,LK61,North Western,වයඹ පළාත,வட மேல் மாகாணம்,LK6,Sri Lanka,ශ්‍රී ලංකා,இலங்கை,LK,"""2022-08-02T00:00:00.000Z""","""2022-08-16T00:00:00.000Z""","""1899-11-30T00:00:00.000Z""",0.671889739127,0.0102109367136
Nikaweratiya,නිකවැරටිය,நிக்கவெரட்டி,LK6121,Kurunegala,කුරුණෑගල දිස්ත්‍ර,குருநாகல் மாவட்டம,LK61,North Western,වයඹ පළාත,வட மேல் மாகாணம்,LK6,Sri Lanka,ශ්‍රී ලංකා,இலங்கை,LK,"""2022-08-02T00:00:00.000Z""","""2022-08-16T00:00:00.000Z""","""1899-11-30T00:00:00.000Z""",0.742098046232,0.0124038416008
Maho,මහව,மாகோ,LK6124,Kurunegala,කුරුණෑගල දිස්ත්‍ර,குருநாகல் மாவட்டம,LK61,North Western,වයඹ පළාත,வட மேல் மாகாணம்,LK6,Sri Lanka,ශ්‍රී ලංකා,இலங்கை,LK,"""2022-08-02T00:00:00.000Z""","""2022-08-16T00:00:00.000Z""","""1899-11-30T00:00:00.000Z""",0.895554802034,0.0214293010134
Polpitigama,පොල්පිතිගම,பொல்பித்திகமை,LK6127,Kurunegala,කුරුණෑගල දිස්ත්‍ර,குருநாகல் மாவட்டம,LK61,North Western,වයඹ පළාත,வட மேல் மாகாணம்,LK6,Sri Lanka,ශ්‍රී ලංකා,இலங்கை,LK,"""2022-08-02T00:00:00.000Z""","""2022-08-16T00:00:00.000Z""","""1899-11-30T00:00:00.000Z""",1.08480627687,0.0340739841393
Ibbagamuwa,ඉබ්බාගමුව,இப்பாகமுவை,LK6130,Kurunegala,කුරුණෑගල දිස්ත්‍ර,குருநாகல் மாவட்டம,LK61,North Western,වයඹ පළාත,வட மேல் மாகாணம்,LK6,Sri Lanka,ශ්‍රී ලංකා,இலங்கை,LK,"""2022-08-02T00:00:00.000Z""","""2022-08-16T00:00:00.000Z""","""1899-11-30T00:00:00.000Z""",0.896958026326,0.0177956106594
Ganewatta,ගනේවත්ත,கனேவத்தை,LK6133,Kurunegala,කුරුණෑගල දිස්ත්‍ර,குருநாகல் மாவட்டம,LK61,North Western,වයඹ පළාත,வட மேல் மாகாணம்,LK6,Sri Lanka,ශ්‍රී ලංකා,இலங்கை,LK,"""2022-08-02T00:00:00.000Z""","""2022-08-16T00:00:00.000Z""","""1899-11-30T00:00:00.000Z""",0.731806648906,0.0123142113697
Wariyapola,වාරියපොල,வாரியப்பொலை,LK6136,Kurunegala,කුරුණෑගල දිස්ත්‍ර,குருநாகல் மாவட்டம,LK61,North Western,වයඹ පළාත,வட மேல் மாகாணம்,LK6,Sri Lanka,ශ්‍රී ලංකා,இலங்கை,LK,"""2022-08-02T00:00:00.000Z""","""2022-08-16T00:00:00.000Z""","""1899-11-30T00:00:00.000Z""",0.861540244433,0.0165539219861
Kobeigane,කොබෙයිගනේ,கொபேய்கனை,LK6139,Kurunegala,කුරුණෑගල දිස්ත්‍ර,குருநாகல் மாவட்டம,LK61,North Western,වයඹ පළාත,வட மேல் மாகாணம்,LK6,Sri Lanka,ශ්‍රී ලංකා,இலங்கை,LK,"""2022-08-02T00:00:00.000Z""","""2022-08-16T00:00:00.000Z""","""1899-11-30T00:00:00.000Z""",0.651239559815,0.010677569238
Bingiriya,බිංගිරිය,பிங்கிறியா,LK6142,Kurunegala,කුරුණෑගල දිස්ත්‍ර,குருநாகல் மாவட்டம,LK61,North Western,වයඹ පළාත,வட மேல் மாகாணம்,LK6,Sri Lanka,ශ්‍රී ලංකා,இலங்கை,LK,"""2022-08-02T00:00:00.000Z""","""2022-08-16T00:00:00.000Z""","""1899-11-30T00:00:00.000Z""",0.858691454474,0.0158655753717
Panduwasnuwara West,පඩුවස්නුවර බටහිර,பண்டவஸ்நுவரை மேற்,LK6145,Kurunegala,කුරුණෑගල දිස්ත්‍ර,குருநாகல் மாவட்டம,LK61,North Western,වයඹ පළාත,வட மேல் மாகாணம்,LK6,Sri Lanka,ශ්‍රී ලංකා,இலங்கை,LK,"""2022-08-02T00:00:00.000Z""","""2022-08-16T00:00:00.000Z""","""1899-11-30T00:00:00.000Z""",0.901703476892,0.0148290628665
Panduwasnuwara East,පඩුවස්නුවර නැගෙනහ,பண்டவஸ்நுவரை கிழக,LK6148,Kurunegala,කුරුණෑගල දිස්ත්‍ර,குருநாகல் மாவட்டம,LK61,North Western,වයඹ පළාත,வட மேல் மாகாணம்,LK6,Sri Lanka,ශ්‍රී ලංකා,இலங்கை,LK,"""2022-08-02T00:00:00.000Z""","""2022-08-16T00:00:00.000Z""","""1899-11-30T00:00:00.000Z""",0.566844345284,0.00839824346287
Bamunakotuwa,බමුණුකොටුව,பமுணுகொடுவை,LK6149,Kurunegala,කුරුණෑගල දිස්ත්‍ර,குருநாகல் மாவட்டம,LK61,North Western,වයඹ පළාත,வட மேல் மாகாணம்,LK6,Sri Lanka,ශ්‍රී ලංකා,இலங்கை,LK,"""2022-08-02T00:00:00.000Z""","""2022-08-16T00:00:00.000Z""","""1899-11-30T00:00:00.000Z""",0.511284739276,0.00905641643125
Maspotha,මාස්පොත,மஸ்பொத்தை,LK6151,Kurunegala,කුරුණෑගල දිස්ත්‍ර,குருநாகல் மாவட்டம,LK61,North Western,වයඹ පළාත,வட மேல் மாகாணம்,LK6,Sri Lanka,ශ්‍රී ලංකා,இலங்கை,LK,"""2022-08-02T00:00:00.000Z""","""2022-08-16T00:00:00.000Z""","""1899-11-30T00:00:00.000Z""",0.515407552845,0.00543693701319
Kurunegala,කුරුණෑගල,குருணாகல்,LK6154,Kurunegala,කුරුණෑගල දිස්ත්‍ර,குருநாகல் மாவட்டம,LK61,North Western,වයඹ පළාත,வட மேல் மாகாணம்,LK6,Sri Lanka,ශ්‍රී ලංකා,இலங்கை,LK,"""2022-08-02T00:00:00.000Z""","""2022-08-16T00:00:00.000Z""","""1899-11-30T00:00:00.000Z""",0.956160106626,0.00800462154108
Mallawapitiya,මල්ලවපිටිය,மல்லவபிட்டி,LK6157,Kurunegala,කුරුණෑගල දිස්ත්‍ර,குருநாகல் மாவட்டம,LK61,North Western,වයඹ පළාත,வட மேல் மாகாணம்,LK6,Sri Lanka,ශ්‍රී ලංකා,இலங்கை,LK,"""2022-08-02T00:00:00.000Z""","""2022-08-16T00:00:00.000Z""","""1899-11-30T00:00:00.000Z""",0.660998551169,0.00649219066902
Mawathagama,මාවතගම,மாவத்தகமை,LK6160,Kurunegala,කුරුණෑගල දිස්ත්‍ර,குருநாகல் மாவட்டம,LK61,North Western,වයඹ පළාත,வட மேல் மாகாணம்,LK6,Sri Lanka,ශ්‍රී ලංකා,இலங்கை,LK,"""2022-08-02T00:00:00.000Z""","""2022-08-16T00:00:00.000Z""","""1899-11-30T00:00:00.000Z""",0.713150702823,0.00888164038567
Rideegama,රිදිගම,ரிதிகமை,LK6163,Kurunegala,කුරුණෑගල දිස්ත්‍ර,குருநாகல் மாவட்டம,LK61,North Western,වයඹ පළාත,வட மேல் மாகாணம்,LK6,Sri Lanka,ශ්‍රී ලංකා,இலங்கை,LK,"""2022-08-02T00:00:00.000Z""","""2022-08-16T00:00:00.000Z""","""1899-11-30T00:00:00.000Z""",0.870970421171,0.0184459800253
Weerabugedara,වීරඹුගෙදර,வெரம்புகெதறை,LK6166,Kurunegala,කුරුණෑගල දිස්ත්‍ර,குருநாகல் மாவட்டம,LK61,North Western,වයඹ පළාත,வட மேல் மாகாணம்,LK6,Sri Lanka,ශ්‍රී ලංකා,இலங்கை,LK,"""2022-08-02T00:00:00.000Z""","""2022-08-16T00:00:00.000Z""","""1899-11-30T00:00:00.000Z""",0.535330722121,0.00752239087046
Kuliyapitiya East,කුලියාපිටිය නැගෙන,குளியாப்பிட்டி கி,LK6169,Kurunegala,කුරුණෑගල දිස්ත්‍ර,குருநாகல் மாவட்டம,LK61,North Western,වයඹ පළාත,வட மேல் மாகாணம்,LK6,Sri Lanka,ශ්‍රී ලංකා,இலங்கை,LK,"""2022-08-02T00:00:00.000Z""","""2022-08-16T00:00:00.000Z""","""1899-11-30T00:00:00.000Z""",0.64910440475,0.00932050668722
Kuliyapitiya West,කුලියාපිටිය බටහිර,குளியாப்பிட்டி மே,LK6172,Kurunegala,කුරුණෑගල දිස්ත්‍ර,குருநாகல் மாவட்டம,LK61,North Western,වයඹ පළාත,வட மேல் மாகாணம்,LK6,Sri Lanka,ශ්‍රී ලංකා,இலங்கை,LK,"""2022-08-02T00:00:00.000Z""","""2022-08-16T00:00:00.000Z""","""1899-11-30T00:00:00.000Z""",0.799979329894,0.0135565716218
Udubaddawa,උඩුබැද්දාව,உடுபத்தாவை,LK6175,Kurunegala,කුරුණෑගල දිස්ත්‍ර,குருநாகல் மாவட்டம,LK61,North Western,වයඹ පළාත,வட மேல் மாகாணம்,LK6,Sri Lanka,ශ්‍රී ලංකා,இலங்கை,LK,"""2022-08-02T00:00:00.000Z""","""2022-08-16T00:00:00.000Z""","""1899-11-30T00:00:00.000Z""",0.570079205202,0.00982257922573
Pannala,පන්නල,பன்னலை,LK6178,Kurunegala,කුරුණෑගල දිස්ත්‍ර,குருநாகல் மாவட்டம,LK61,North Western,වයඹ පළාත,வட மேல் மாகாணம்,LK6,Sri Lanka,ශ්‍රී ලංකා,இலங்கை,LK,"""2022-08-02T00:00:00.000Z""","""2022-08-16T00:00:00.000Z""","""1899-11-30T00:00:00.000Z""",0.958835653264,0.0231136849846
Narammala,නාරම්මල,நாரம்மலை,LK6181,Kurunegala,කුරුණෑගල දිස්ත්‍ර,குருநாகல் மாவட்டம,LK61,North Western,වයඹ පළාත,வட மேல் மாகாணம்,LK6,Sri Lanka,ශ්‍රී ලංකා,இலங்கை,LK,"""2022-08-02T00:00:00.000Z""","""2022-08-16T00:00:00.000Z""","""1899-11-30T00:00:00.000Z""",0.649230927616,0.00888932745846
Alawwa,අලව්ව,அலவை,LK6184,Kurunegala,කුරුණෑගල දිස්ත්‍ර,குருநாகல் மாவட்டம,LK61,North Western,වයඹ පළාත,வட மேல் மாகாணம்,LK6,Sri Lanka,ශ්‍රී ලංකා,இலங்கை,LK,"""2022-08-02T00:00:00.000Z""","""2022-08-16T00:00:00.000Z""","""1899-11-30T00:00:00.000Z""",0.510883726206,0.0106666850839
Polgahawela,පොල්ගහවෙල,பொல்கஹவெலை,LK6187,Kurunegala,කුරුණෑගල දිස්ත්‍ර,குருநாகல் மாவட்டம,LK61,North Western,වයඹ පළාත,வட மேல் மாகாணம்,LK6,Sri Lanka,ශ්‍රී ලංකා,இலங்கை,LK,"""2022-08-02T00:00:00.000Z""","""2022-08-16T00:00:00.000Z""","""1899-11-30T00:00:00.000Z""",0.471757825892,0.00790908610023
Kalpitiya,කල්පිටිය,கற்பிட்டி,LK6203,Puttalam,පුත්තලම දිස්ත්‍රි,புத்தளம் மாவட்டம்,LK62,North Western,වයඹ පළාත,வட மேல் மாகாணம்,LK6,Sri Lanka,ශ්‍රී ලංකා,இலங்கை,LK,"""2022-08-02T00:00:00.000Z""","""2022-08-16T00:00:00.000Z""","""1899-11-30T00:00:00.000Z""",2.40562013254,0.0133440414438
Vanathavilluwa,වනාතවිල්ලුව,வானத்தவில்லு,LK6206,Puttalam,පුත්තලම දිස්ත්‍රි,புத்தளம் மாவட்டம்,LK62,North Western,වයඹ පළාත,வட மேல் மாகாணம்,LK6,Sri Lanka,ශ්‍රී ලංකා,இலங்கை,LK,"""2022-08-02T00:00:00.000Z""","""2022-08-16T00:00:00.000Z""","""1899-11-30T00:00:00.000Z""",1.75282597696,0.0605342448959
Karuwalagaswewa,කරුවලගස්වැව,கறுவெலகஸ்வெவை,LK6209,Puttalam,පුත්තලම දිස්ත්‍රි,புத்தளம் மாவட்டம்,LK62,North Western,වයඹ පළාත,வட மேல் மாகாணம்,LK6,Sri Lanka,ශ්‍රී ලංකා,இலங்கை,LK,"""2022-08-02T00:00:00.000Z""","""2022-08-16T00:00:00.000Z""","""1899-11-30T00:00:00.000Z""",1.16111711682,0.041000822771
Nawagattegama,නවගත්තේගම,நவகத்தேகமை,LK6212,Puttalam,පුත්තලම දිස්ත්‍රි,புத்தளம் மாவட்டம்,LK62,North Western,වයඹ පළාත,வட மேல் மாகாணம்,LK6,Sri Lanka,ශ්‍රී ලංකා,இலங்கை,LK,"""2022-08-02T00:00:00.000Z""","""2022-08-16T00:00:00.000Z""","""1899-11-30T00:00:00.000Z""",0.588251818749,0.0140668105436
Puttalam,පුත්තලම,புத்தளம்,LK6215,Puttalam,පුත්තලම දිස්ත්‍රි,புத்தளம் மாவட்டம்,LK62,North Western,වයඹ පළාත,வட மேல் மாகாணம்,LK6,Sri Lanka,ශ්‍රී ලංකා,இலங்கை,LK,"""2022-08-02T00:00:00.000Z""","""2022-08-16T00:00:00.000Z""","""1899-11-30T00:00:00.000Z""",0.731023579872,0.0142693582322
Mundel,මුන්දලම,முந்தல்,LK6218,Puttalam,පුත්තලම දිස්ත්‍රි,புத்தளம் மாவட்டம்,LK62,North Western,වයඹ පළාත,வட மேல் மாகாணம்,LK6,Sri Lanka,ශ්‍රී ලංකා,இலங்கை,LK,"""2022-08-02T00:00:00.000Z""","""2022-08-16T00:00:00.000Z""","""1899-11-30T00:00:00.000Z""",0.942904154755,0.0202046035508
Mahakumbukkadawala,මහකුඹුක්කඩවල,மகாகும்புக்கடவலை,LK6221,Puttalam,පුත්තලම දිස්ත්‍රි,புத்தளம் மாவட்டம்,LK62,North Western,වයඹ පළාත,வட மேல் மாகாணம்,LK6,Sri Lanka,ශ්‍රී ලංකා,இலங்கை,LK,"""2022-08-02T00:00:00.000Z""","""2022-08-16T00:00:00.000Z""","""1899-11-30T00:00:00.000Z""",0.737666933494,0.0151720535916
Anamaduwa,ආණමඩුව,ஆனமடுவை,LK6224,Puttalam,පුත්තලම දිස්ත්‍රි,புத்தளம் மாவட்டம்,LK62,North Western,වයඹ පළාත,வட மேல் மாகாணம்,LK6,Sri Lanka,ශ්‍රී ලංකා,இலங்கை,LK,"""2022-08-02T00:00:00.000Z""","""2022-08-16T00:00:00.000Z""","""1899-11-30T00:00:00.000Z""",0.947334273641,0.0203879041304
Pallama,පල්ලම,பள்ளமை,LK6227,Puttalam,පුත්තලම දිස්ත්‍රි,புத்தளம் மாவட்டம்,LK62,North Western,වයඹ පළාත,வட மேல் மாகாணம்,LK6,Sri Lanka,ශ්‍රී ලංකා,இலங்கை,LK,"""2022-08-02T00:00:00.000Z""","""2022-08-16T00:00:00.000Z""","""1899-11-30T00:00:00.000Z""",0.731093751656,0.0099350671374
Arachchikattuwa,ආරච්චිකට්ටුව,ஆராச்சிக்கட்டு,LK6230,Puttalam,පුත්තලම දිස්ත්‍රි,புத்தளம் மாவட்டம்,LK62,North Western,වයඹ පළාත,வட மேல் மாகாணம்,LK6,Sri Lanka,ශ්‍රී ලංකා,இலங்கை,LK,"""2022-08-02T00:00:00.000Z""","""2022-08-16T00:00:00.000Z""","""1899-11-30T00:00:00.000Z""",0.699483132049,0.0129898792315
Chilaw,හලාවත,சிலாபம்,LK6233,Puttalam,පුත්තලම දිස්ත්‍රි,புத்தளம் மாவட்டம்,LK62,North Western,වයඹ පළාත,வட மேல் மாகாணம்,LK6,Sri Lanka,ශ්‍රී ලංකා,இலங்கை,LK,"""2022-08-02T00:00:00.000Z""","""2022-08-16T00:00:00.000Z""","""1899-11-30T00:00:00.000Z""",0.551181137521,0.00761019414084
Madampe,මාදම්පෙ,மாதம்பை,LK6236,Puttalam,පුත්තලම දිස්ත්‍රි,புத்தளம் மாவட்டம்,LK62,North Western,වයඹ පළාත,வட மேல் மாகாணம்,LK6,Sri Lanka,ශ්‍රී ලංකා,இலங்கை,LK,"""2022-08-02T00:00:00.000Z""","""2022-08-16T00:00:00.000Z""","""1899-11-30T00:00:00.000Z""",0.491965469666,0.0076220332545
Mahawewa,මහවැව,மகாவெவை,LK6239,Puttalam,පුත්තලම දිස්ත්‍රි,புத்தளம் மாவட்டம்,LK62,North Western,වයඹ පළාත,வட மேல் மாகாணம்,LK6,Sri Lanka,ශ්‍රී ලංකා,இலங்கை,LK,"""2022-08-02T00:00:00.000Z""","""2022-08-16T00:00:00.000Z""","""1899-11-30T00:00:00.000Z""",0.539272968229,0.00599250532402
Nattandiya,නාත්තන්ඩිය,நாத்தாண்டி,LK6242,Puttalam,පුත්තලම දිස්ත්‍රි,புத்தளம் மாவட்டம்,LK62,North Western,වයඹ පළාත,வட மேல் மாகாணம்,LK6,Sri Lanka,ශ්‍රී ලංකා,இலங்கை,LK,"""2022-08-02T00:00:00.000Z""","""2022-08-16T00:00:00.000Z""","""1899-11-30T00:00:00.000Z""",0.440371800518,0.00637313342992
Wennappuwa,වෙන්නප්පුව,வென்னப்புவை,LK6245,Puttalam,පුත්තලම දිස්ත්‍රි,புத்தளம் மாவட்டம்,LK62,North Western,වයඹ පළාත,வட மேல் மாகாணம்,LK6,Sri Lanka,ශ්‍රී ලංකා,இலங்கை,LK,"""2022-08-02T00:00:00.000Z""","""2022-08-16T00:00:00.000Z""","""1899-11-30T00:00:00.000Z""",0.401248368428,0.00337770454199
Dankotuwa,දංකොටුව,தங்கொட்டுவை,LK6248,Puttalam,පුත්තලම දිස්ත්‍රි,புத்தளம் மாவட்டம்,LK62,North Western,වයඹ පළාත,வட மேல் மாகாணம்,LK6,Sri Lanka,ශ්‍රී ලංකා,இலங்கை,LK,"""2022-08-02T00:00:00.000Z""","""2022-08-16T00:00:00.000Z""","""1899-11-30T00:00:00.000Z""",0.532454705773,0.00627923572329
Padaviya,පදවිය,பதவியா,LK7103,Anuradhapura,අනුරාධපුර දිස්ත්‍,அனுராதபுரம் மாவட்,LK71,North Central,උතුරු මැද පළාත,வட மத்திய மாகாணம்,LK7,Sri Lanka,ශ්‍රී ලංකා,இலங்கை,LK,"""2022-08-02T00:00:00.000Z""","""2022-08-16T00:00:00.000Z""","""1899-11-30T00:00:00.000Z""",0.856580126137,0.0203229209476
Kebithigollewa,කැඹිතිගොල්ලෑව,கெப்பிட்டிக்கொல்,LK7106,Anuradhapura,අනුරාධපුර දිස්ත්‍,அனுராதபுரம் மாவட்,LK71,North Central,උතුරු මැද පළාත,வட மத்திய மாகாணம்,LK7,Sri Lanka,ශ්‍රී ලංකා,இலங்கை,LK,"""2022-08-02T00:00:00.000Z""","""2022-08-16T00:00:00.000Z""","""1899-11-30T00:00:00.000Z""",1.56248672852,0.0504227793551
Medawachchiya,මැදවච්චිය,மதவாச்சி,LK7109,Anuradhapura,අනුරාධපුර දිස්ත්‍,அனுராதபுரம் மாவட்,LK71,North Central,උතුරු මැද පළාත,வட மத்திய மாகாணம்,LK7,Sri Lanka,ශ්‍රී ලංකා,இலங்கை,LK,"""2022-08-02T00:00:00.000Z""","""2022-08-16T00:00:00.000Z""","""1899-11-30T00:00:00.000Z""",0.989749265602,0.0401812436126
Mahawilachchiya,මහාවිලච්චිය,மகாவிலாச்சி,LK7112,Anuradhapura,අනුරාධපුර දිස්ත්‍,அனுராதபுரம் மாவட்,LK71,North Central,උතුරු මැද පළාත,வட மத்திய மாகாணம்,LK7,Sri Lanka,ශ්‍රී ලංකා,இலங்கை,LK,"""2022-08-02T00:00:00.000Z""","""2022-08-16T00:00:00.000Z""","""1899-11-30T00:00:00.000Z""",1.20222518836,0.0506677205873
Nuwaragam Palatha Central,නුවරගම් පළාත මධ්‍ය,நுவரகமை பலாத்தை மத,LK7115,Anuradhapura,අනුරාධපුර දිස්ත්‍,அனுராதபுரம் மாவட்,LK71,North Central,උතුරු මැද පළාත,வட மத்திய மாகாணம்,LK7,Sri Lanka,ශ්‍රී ලංකා,இலங்கை,LK,"""2022-08-02T00:00:00.000Z""","""2022-08-16T00:00:00.000Z""","""1899-11-30T00:00:00.000Z""",1.11687252734,0.032935872478
Rambewa,රඹෑව,இறம்பாவை,LK7118,Anuradhapura,අනුරාධපුර දිස්ත්‍,அனுராதபுரம் மாவட்,LK71,North Central,උතුරු මැද පළාත,வட மத்திய மாகாணம்,LK7,Sri Lanka,ශ්‍රී ලංකා,இலங்கை,LK,"""2022-08-02T00:00:00.000Z""","""2022-08-16T00:00:00.000Z""","""1899-11-30T00:00:00.000Z""",1.10571872405,0.0251359482455
Kahatagasdigiliya,කහටගස්දිගිලිය,ககட்டகஸ்திகிலியை,LK7121,Anuradhapura,අනුරාධපුර දිස්ත්‍,அனுராதபுரம் மாவட்,LK71,North Central,උතුරු මැද පළාත,வட மத்திய மாகாணம்,LK7,Sri Lanka,ශ්‍රී ලංකා,இலங்கை,LK,"""2022-08-02T00:00:00.000Z""","""2022-08-16T00:00:00.000Z""","""1899-11-30T00:00:00.000Z""",1.20048526774,0.0303987536985
Horowpathana,හොරොව්පොතාන,கொரவப்பொத்தானை,LK7124,Anuradhapura,අනුරාධපුර දිස්ත්‍,அனுராதபுரம் மாவட்,LK71,North Central,උතුරු මැද පළාත,வட மத்திய மாகாணம்,LK7,Sri Lanka,ශ්‍රී ලංකා,இலங்கை,LK,"""2022-08-02T00:00:00.000Z""","""2022-08-16T00:00:00.000Z""","""1899-11-30T00:00:00.000Z""",1.58809742114,0.0684036397924
Galenbidunuwewa,ගලෙන්බිදුනුවැව,கலன்பிந்துனுவெவை,LK7127,Anuradhapura,අනුරාධපුර දිස්ත්‍,அனுராதபுரம் மாவட்,LK71,North Central,උතුරු මැද පළාත,வட மத்திய மாகாணம்,LK7,Sri Lanka,ශ්‍රී ලංකා,இலங்கை,LK,"""2022-08-02T00:00:00.000Z""","""2022-08-16T00:00:00.000Z""","""1899-11-30T00:00:00.000Z""",1.00546793296,0.0240095447599
Mihinthale,මිහින්තලේ,மிகிந்தலை,LK7130,Anuradhapura,අනුරාධපුර දිස්ත්‍,அனுராதபுரம் மாவட்,LK71,North Central,උතුරු මැද පළාත,வட மத்திய மாகாணம்,LK7,Sri Lanka,ශ්‍රී ලංකා,இலங்கை,LK,"""2022-08-02T00:00:00.000Z""","""2022-08-16T00:00:00.000Z""","""1899-11-30T00:00:00.000Z""",0.953544457856,0.0188346203472
Nuwaragam Palatha East,නුවරගම් පළාත නැගෙන,நுவரகமை பலாத்தை கி,LK7133,Anuradhapura,අනුරාධපුර දිස්ත්‍,அனுராதபுரம் மாவட்,LK71,North Central,උතුරු මැද පළාත,வட மத்திய மாகாணம்,LK7,Sri Lanka,ශ්‍රී ලංකා,இலங்கை,LK,"""2022-08-02T00:00:00.000Z""","""2022-08-16T00:00:00.000Z""","""1899-11-30T00:00:00.000Z""",0.526230154864,0.00755482573275
Nachchaduwa,නච්චදූව,நாச்சாதுவை,LK7136,Anuradhapura,අනුරාධපුර දිස්ත්‍,அனுராதபுரம் மாவட்,LK71,North Central,උතුරු මැද පළාත,வட மத்திய மாகாணம்,LK7,Sri Lanka,ශ්‍රී ලංකා,இலங்கை,LK,"""2022-08-02T00:00:00.000Z""","""2022-08-16T00:00:00.000Z""","""1899-11-30T00:00:00.000Z""",0.84596066605,0.00903030409031
Nochchiyagama,නොච්චියාගම,நொச்சியாகமை,LK7139,Anuradhapura,අනුරාධපුර දිස්ත්‍,அனுராதபுரம் மாவட்,LK71,North Central,උතුරු මැද පළාත,வட மத்திய மாகாணம்,LK7,Sri Lanka,ශ්‍රී ලංකා,இலங்கை,LK,"""2022-08-02T00:00:00.000Z""","""2022-08-16T00:00:00.000Z""","""1899-11-30T00:00:00.000Z""",1.65471409291,0.0688109370253
Rajanganaya,රාජාංගනය,இராஜாங்கனை,LK7142,Anuradhapura,අනුරාධපුර දිස්ත්‍,அனுராதபுரம் மாவட்,LK71,North Central,උතුරු මැද පළාත,வட மத்திய மாகாணம்,LK7,Sri Lanka,ශ්‍රී ලංකා,இலங்கை,LK,"""2022-08-02T00:00:00.000Z""","""2022-08-16T00:00:00.000Z""","""1899-11-30T00:00:00.000Z""",0.798844706738,0.00868497089592
Thambuththegama,තඹුත්තේගම,தம்புத்தேகமை,LK7145,Anuradhapura,අනුරාධපුර දිස්ත්‍,அனுராதபுரம் மாவட்,LK71,North Central,උතුරු මැද පළාත,வட மத்திய மாகாணம்,LK7,Sri Lanka,ශ්‍රී ලංකා,இலங்கை,LK,"""2022-08-02T00:00:00.000Z""","""2022-08-16T00:00:00.000Z""","""1899-11-30T00:00:00.000Z""",0.715133848406,0.00929968069921
Thalawa,තලාව,தலாவை,LK7148,Anuradhapura,අනුරාධපුර දිස්ත්‍,அனுராதபுரம் மாவட்,LK71,North Central,උතුරු මැද පළාත,வட மத்திய மாகாணம்,LK7,Sri Lanka,ශ්‍රී ලංකා,இலங்கை,LK,"""2022-08-02T00:00:00.000Z""","""2022-08-16T00:00:00.000Z""","""1899-11-30T00:00:00.000Z""",1.17845579061,0.0187697518771
Thirappane,තිරප්පනේ,திறப்பனை,LK7151,Anuradhapura,අනුරාධපුර දිස්ත්‍,அனுராதபுரம் மாவட்,LK71,North Central,උතුරු මැද පළාත,வட மத்திய மாகாணம்,LK7,Sri Lanka,ශ්‍රී ලංකා,இலங்கை,LK,"""2022-08-02T00:00:00.000Z""","""2022-08-16T00:00:00.000Z""","""1899-11-30T00:00:00.000Z""",1.33716578133,0.0223502162966
Kekirawa,කැකිරාව,கெக்கிராவை,LK7154,Anuradhapura,අනුරාධපුර දිස්ත්‍,அனுராதபுரம் மாவட்,LK71,North Central,උතුරු මැද පළාත,வட மத்திய மாகாணம்,LK7,Sri Lanka,ශ්‍රී ලංකා,இலங்கை,LK,"""2022-08-02T00:00:00.000Z""","""2022-08-16T00:00:00.000Z""","""1899-11-30T00:00:00.000Z""",1.3647431847,0.0284435943017
Palugaswewa,පලුගස්වැව,பலுகஸ்வெவை,LK7157,Anuradhapura,අනුරාධපුර දිස්ත්‍,அனுராதபுரம் மாவட்,LK71,North Central,උතුරු මැද පළාත,வட மத்திய மாகாணம்,LK7,Sri Lanka,ශ්‍රී ලංකා,இலங்கை,LK,"""2022-08-02T00:00:00.000Z""","""2022-08-16T00:00:00.000Z""","""1899-11-30T00:00:00.000Z""",0.902690595943,0.0168679643757
Ipalogama,ඉපලෝගම,இபலோகமை,LK7160,Anuradhapura,අනුරාධපුර දිස්ත්‍,அனுராதபுரம் மாவட்,LK71,North Central,උතුරු මැද පළාත,வட மத்திய மாகாணம்,LK7,Sri Lanka,ශ්‍රී ලංකා,இலங்கை,LK,"""2022-08-02T00:00:00.000Z""","""2022-08-16T00:00:00.000Z""","""1899-11-30T00:00:00.000Z""",0.68598044343,0.011621802218
Galnewa,ගල්නෑව,கல்னேவை,LK7163,Anuradhapura,අනුරාධපුර දිස්ත්‍,அனுராதபுரம் மாவட்,LK71,North Central,උතුරු මැද පළාත,வட மத்திய மாகாணம்,LK7,Sri Lanka,ශ්‍රී ලංකා,இலங்கை,LK,"""2022-08-02T00:00:00.000Z""","""2022-08-16T00:00:00.000Z""","""1899-11-30T00:00:00.000Z""",0.611434964598,0.0113663887791
Palagala,පළාගල,பலாகலை,LK7166,Anuradhapura,අනුරාධපුර දිස්ත්‍,அனுராதபுரம் மாவட்,LK71,North Central,උතුරු මැද පළාත,வட மத்திய மாகாணம்,LK7,Sri Lanka,ශ්‍රී ලංකා,இலங்கை,LK,"""2022-08-02T00:00:00.000Z""","""2022-08-16T00:00:00.000Z""","""1899-11-30T00:00:00.000Z""",0.784265121274,0.018488788472
Higurakgoda,හිඟුරක්ගොඩ,இங்குராகொடை,LK7203,Polonnaruwa,පොළොන්නරුව දිස්ත්,பொலன்னறுவை மாவட்ட,LK72,North Central,උතුරු මැද පළාත,வட மத்திய மாகாணம்,LK7,Sri Lanka,ශ්‍රී ලංකා,இலங்கை,LK,"""2022-08-02T00:00:00.000Z""","""2022-08-16T00:00:00.000Z""","""1899-11-30T00:00:00.000Z""",1.69418320512,0.0578576923175
Medirigiriya,මැදිරිගිරිය,மெதிரிகிரியை,LK7206,Polonnaruwa,පොළොන්නරුව දිස්ත්,பொலன்னறுவை மாவட்ட,LK72,North Central,උතුරු මැද පළාත,வட மத்திய மாகாணம்,LK7,Sri Lanka,ශ්‍රී ලංකා,இலங்கை,LK,"""2022-08-02T00:00:00.000Z""","""2022-08-16T00:00:00.000Z""","""1899-11-30T00:00:00.000Z""",1.36890730043,0.0470385573607
Lankapura,ලංකාපුර,இலங்காபுரம்,LK7209,Polonnaruwa,පොළොන්නරුව දිස්ත්,பொலன்னறுவை மாவட்ட,LK72,North Central,උතුරු මැද පළාත,வட மத்திய மாகாணம்,LK7,Sri Lanka,ශ්‍රී ලංකා,இலங்கை,LK,"""2022-08-02T00:00:00.000Z""","""2022-08-16T00:00:00.000Z""","""1899-11-30T00:00:00.000Z""",0.930229350913,0.0161981713251
Welikanda,වැලිකන්ද,வெலிக்கந்தை,LK7210,Polonnaruwa,පොළොන්නරුව දිස්ත්,பொலன்னறுவை மாவட்ட,LK72,North Central,උතුරු මැද පළාත,வட மத்திய மாகாணம்,LK7,Sri Lanka,ශ්‍රී ලංකා,இலங்கை,LK,"""2022-08-02T00:00:00.000Z""","""2022-08-16T00:00:00.000Z""","""1899-11-30T00:00:00.000Z""",1.29643818741,0.0471099348315
Dimbulagala,දිඹුලාගල,திம்புலாகலை,LK7212,Polonnaruwa,පොළොන්නරුව දිස්ත්,பொலன்னறுவை மாவட்ட,LK72,North Central,උතුරු මැද පළාත,வட மத்திய மாகாணம்,LK7,Sri Lanka,ශ්‍රී ලංකා,இலங்கை,LK,"""2022-08-02T00:00:00.000Z""","""2022-08-16T00:00:00.000Z""","""1899-11-30T00:00:00.000Z""",1.53900142658,0.04802960445
Thamankaduwa,තමන්කඩුව,தமன்கடுவை,LK7215,Polonnaruwa,පොළොන්නරුව දිස්ත්,பொலன்னறுவை மாவட்ட,LK72,North Central,උතුරු මැද පළාත,வட மத்திய மாகாணம்,LK7,Sri Lanka,ශ්‍රී ලංකා,இலங்கை,LK,"""2022-08-02T00:00:00.000Z""","""2022-08-16T00:00:00.000Z""","""1899-11-30T00:00:00.000Z""",1.09542977162,0.038327837518
Elahera,ඇලහැර,எலகெரை,LK7218,Polonnaruwa,පොළොන්නරුව දිස්ත්,பொலன்னறுவை மாவட்ட,LK72,North Central,උතුරු මැද පළාත,வட மத்திய மாகாணம்,LK7,Sri Lanka,ශ්‍රී ලංකා,இலங்கை,LK,"""2022-08-02T00:00:00.000Z""","""2022-08-16T00:00:00.000Z""","""1899-11-30T00:00:00.000Z""",0.953263891154,0.0300127309732
Mahiyanganaya,මහියංගනය,மகியங்கனை,LK8103,Badulla,බදුල්ල දිස්ත්‍රික,பதுளை மாவட்டம்,LK81,Uva,ඌව පළාත,ஊவா மாகாணம்,LK8,Sri Lanka,ශ්‍රී ලංකා,இலங்கை,LK,"""2022-08-02T00:00:00.000Z""","""2022-08-16T00:00:00.000Z""","""1899-11-30T00:00:00.000Z""",1.80067428099,0.0493007615126
Rideemaliyadda,රිදීමාලියැද්ද,றிதிமாலியத்தை,LK8106,Badulla,බදුල්ල දිස්ත්‍රික,பதுளை மாவட்டம்,LK81,Uva,ඌව පළාත,ஊவா மாகாணம்,LK8,Sri Lanka,ශ්‍රී ලංකා,இலங்கை,LK,"""2022-08-02T00:00:00.000Z""","""2022-08-16T00:00:00.000Z""","""1899-11-30T00:00:00.000Z""",1.26285636107,0.0357943769825
Meegahakiula,මීගහකිවුල,மீகாககிவுலை,LK8109,Badulla,බදුල්ල දිස්ත්‍රික,பதுளை மாவட்டம்,LK81,Uva,ඌව පළාත,ஊவா மாகாணம்,LK8,Sri Lanka,ශ්‍රී ලංකා,இலங்கை,LK,"""2022-08-02T00:00:00.000Z""","""2022-08-16T00:00:00.000Z""","""1899-11-30T00:00:00.000Z""",0.60524363171,0.00890728316292
Kandeketiya,කන්දෙකැටිය,கந்தகெட்டிய,LK8112,Badulla,බදුල්ල දිස්ත්‍රික,பதுளை மாவட்டம்,LK81,Uva,ඌව පළාත,ஊவா மாகாணம்,LK8,Sri Lanka,ශ්‍රී ලංකා,இலங்கை,LK,"""2022-08-02T00:00:00.000Z""","""2022-08-16T00:00:00.000Z""","""1899-11-30T00:00:00.000Z""",0.647679725292,0.0123377678289
Soranathota,සොරණාතොට,சொரணாதோட்டை,LK8115,Badulla,බදුල්ල දිස්ත්‍රික,பதுளை மாவட்டம்,LK81,Uva,ඌව පළාත,ஊவா மாகாணம்,LK8,Sri Lanka,ශ්‍රී ලංකා,இலங்கை,LK,"""2022-08-02T00:00:00.000Z""","""2022-08-16T00:00:00.000Z""","""1899-11-30T00:00:00.000Z""",0.420406960766,0.00658802746407
Passara,පස්සර,பசறை,LK8118,Badulla,බදුල්ල දිස්ත්‍රික,பதுளை மாவட்டம்,LK81,Uva,ඌව පළාත,ஊவா மாகாணம்,LK8,Sri Lanka,ශ්‍රී ලංකා,இலங்கை,LK,"""2022-08-02T00:00:00.000Z""","""2022-08-16T00:00:00.000Z""","""1899-11-30T00:00:00.000Z""",0.764348464866,0.0110136576557
Lunugala,ලුණුගල,லுணுகலை,LK8119,Badulla,බදුල්ල දිස්ත්‍රික,பதுளை மாவட்டம்,LK81,Uva,ඌව පළාත,ஊவா மாகாணம்,LK8,Sri Lanka,ශ්‍රී ලංකා,இலங்கை,LK,"""2022-08-02T00:00:00.000Z""","""2022-08-16T00:00:00.000Z""","""1899-11-30T00:00:00.000Z""",0.651378975275,0.0117037686345
Badulla,බදුල්ල,பதுளை,LK8121,Badulla,බදුල්ල දිස්ත්‍රික,பதுளை மாவட்டம்,LK81,Uva,ඌව පළාත,ஊவா மாகாணம்,LK8,Sri Lanka,ශ්‍රී ලංකා,இலங்கை,LK,"""2022-08-02T00:00:00.000Z""","""2022-08-16T00:00:00.000Z""","""1899-11-30T00:00:00.000Z""",0.331126301778,0.00399746946822
Hali-Ela,හාලිඇල,ஆலி-எலை,LK8124,Badulla,බදුල්ල දිස්ත්‍රික,பதுளை மாவட்டம்,LK81,Uva,ඌව පළාත,ஊவா மாகாணம்,LK8,Sri Lanka,ශ්‍රී ලංකා,இலங்கை,LK,"""2022-08-02T00:00:00.000Z""","""2022-08-16T00:00:00.000Z""","""1899-11-30T00:00:00.000Z""",0.851074273259,0.0139141584676
Uvaparanagama,ඌවපරණගම,ஊவா பறணகமை,LK8127,Badulla,බදුල්ල දිස්ත්‍රික,பதுளை மாவட்டம்,LK81,Uva,ඌව පළාත,ஊவா மாகாணம்,LK8,Sri Lanka,ශ්‍රී ලංකා,இலங்கை,LK,"""2022-08-02T00:00:00.000Z""","""2022-08-16T00:00:00.000Z""","""1899-11-30T00:00:00.000Z""",0.617100920607,0.0112670415028
Welimada,වැලිමඩ,வெலிமடை,LK8130,Badulla,බදුල්ල දිස්ත්‍රික,பதுளை மாவட்டம்,LK81,Uva,ඌව පළාත,ஊவா மாகாணம்,LK8,Sri Lanka,ශ්‍රී ලංකා,இலங்கை,LK,"""2022-08-02T00:00:00.000Z""","""2022-08-16T00:00:00.000Z""","""1899-11-30T00:00:00.000Z""",0.734132410347,0.0158711129912
Bandarawela,බණ්ඩාරවෙල,பண்டாரவளை,LK8133,Badulla,බදුල්ල දිස්ත්‍රික,பதுளை மாவட்டம்,LK81,Uva,ඌව පළාත,ஊவா மாகாணம்,LK8,Sri Lanka,ශ්‍රී ලංකා,இலங்கை,LK,"""2022-08-02T00:00:00.000Z""","""2022-08-16T00:00:00.000Z""","""1899-11-30T00:00:00.000Z""",0.551206411521,0.00579970119595
Ella,ඇල්ල,எல்லை,LK8136,Badulla,බදුල්ල දිස්ත්‍රික,பதுளை மாவட்டம்,LK81,Uva,ඌව පළාත,ஊவா மாகாணம்,LK8,Sri Lanka,ශ්‍රී ලංකා,இலங்கை,LK,"""2022-08-02T00:00:00.000Z""","""2022-08-16T00:00:00.000Z""","""1899-11-30T00:00:00.000Z""",0.53760336532,0.00896761629126
Haputale,හපුතලේ,அப்புத்தளை,LK8139,Badulla,බදුල්ල දිස්ත්‍රික,பதுளை மாவட்டம்,LK81,Uva,ඌව පළාත,ஊவா மாகாணம்,LK8,Sri Lanka,ශ්‍රී ලංකා,இலங்கை,LK,"""2022-08-02T00:00:00.000Z""","""2022-08-16T00:00:00.000Z""","""1899-11-30T00:00:00.000Z""",0.531802784743,0.00564713091305
Haldummulla,හල්දුම්මුල්ල,ஹல்துமுல்லை,LK8142,Badulla,බදුල්ල දිස්ත්‍රික,பதுளை மாவட்டம்,LK81,Uva,ඌව පළාත,ஊவா மாகாணம்,LK8,Sri Lanka,ශ්‍රී ලංකා,இலங்கை,LK,"""2022-08-02T00:00:00.000Z""","""2022-08-16T00:00:00.000Z""","""1899-11-30T00:00:00.000Z""",1.36988782322,0.0339549558081
Bibile,බිබිල,பிபிலை,LK8203,Monaragala,මොණරාගල දිස්ත්‍රි,மொணராகலை மாவட்டம்,LK82,Uva,ඌව පළාත,ஊவா மாகாணம்,LK8,Sri Lanka,ශ්‍රී ලංකා,இலங்கை,LK,"""2022-08-02T00:00:00.000Z""","""2022-08-16T00:00:00.000Z""","""1899-11-30T00:00:00.000Z""",1.3625848132,0.0381546367259
Madulla,මඩුල්ල,மதுள்ளை,LK8206,Monaragala,මොණරාගල දිස්ත්‍රි,மொணராகலை மாவட்டம்,LK82,Uva,ඌව පළාත,ஊவா மாகாணம்,LK8,Sri Lanka,ශ්‍රී ලංකා,இலங்கை,LK,"""2022-08-02T00:00:00.000Z""","""2022-08-16T00:00:00.000Z""","""1899-11-30T00:00:00.000Z""",2.19347739428,0.061423090479
Medagama,මැදගම,மெதகமை,LK8209,Monaragala,මොණරාගල දිස්ත්‍රි,மொணராகலை மாவட்டம்,LK82,Uva,ඌව පළාත,ஊவா மாகாணம்,LK8,Sri Lanka,ශ්‍රී ලංකා,இலங்கை,LK,"""2022-08-02T00:00:00.000Z""","""2022-08-16T00:00:00.000Z""","""1899-11-30T00:00:00.000Z""",0.76132927992,0.0196712619887
Siyambalanduwa,සියඹලාණ්ඩුව,சியம்பலான்டுவை,LK8212,Monaragala,මොණරාගල දිස්ත්‍රි,மொணராகலை மாவட்டம்,LK82,Uva,ඌව පළාත,ஊவா மாகாணம்,LK8,Sri Lanka,ශ්‍රී ලංකා,இலங்கை,LK,"""2022-08-02T00:00:00.000Z""","""2022-08-16T00:00:00.000Z""","""1899-11-30T00:00:00.000Z""",2.15142808504,0.0867128972132
Monaragala,මොණරාගල,மொனராகலை,LK8215,Monaragala,මොණරාගල දිස්ත්‍රි,மொணராகலை மாவட்டம்,LK82,Uva,ඌව පළාත,ஊவா மாகாணம்,LK8,Sri Lanka,ශ්‍රී ලංකා,இலங்கை,LK,"""2022-08-02T00:00:00.000Z""","""2022-08-16T00:00:00.000Z""","""1899-11-30T00:00:00.000Z""",0.877584309326,0.0237665171148
Badalkumbura,බඩල්කුඹුර,படல்கும்புரை,LK8218,Monaragala,මොණරාගල දිස්ත්‍රි,மொணராகலை மாவட்டம்,LK82,Uva,ඌව පළාත,ஊவா மாகாணம்,LK8,Sri Lanka,ශ්‍රී ලංකා,இலங்கை,LK,"""2022-08-02T00:00:00.000Z""","""2022-08-16T00:00:00.000Z""","""1899-11-30T00:00:00.000Z""",0.803892799498,0.0193966461974
Wellawaya,වැල්ලවාය,வெல்லவாய,LK8221,Monaragala,මොණරාගල දිස්ත්‍රි,மொணராகலை மாவட்டம்,LK82,Uva,ඌව පළාත,ஊவா மாகாணம்,LK8,Sri Lanka,ශ්‍රී ලංකා,இலங்கை,LK,"""2022-08-02T00:00:00.000Z""","""2022-08-16T00:00:00.000Z""","""1899-11-30T00:00:00.000Z""",1.369706221,0.0470131209601
Buttala,බුත්තල,புத்தலை,LK8224,Monaragala,මොණරාගල දිස්ත්‍රි,மொணராகலை மாவட்டம்,LK82,Uva,ඌව පළාත,ஊவா மாகாணம்,LK8,Sri Lanka,ශ්‍රී ලංකා,இலங்கை,LK,"""2022-08-02T00:00:00.000Z""","""2022-08-16T00:00:00.000Z""","""1899-11-30T00:00:00.000Z""",1.31091699111,0.0580512303377
Katharagama,කතරගම,கதிர்காமம்,LK8227,Monaragala,මොණරාගල දිස්ත්‍රි,மொணராகலை மாவட்டம்,LK82,Uva,ඌව පළාත,ஊவா மாகாணம்,LK8,Sri Lanka,ශ්‍රී ලංකා,இலங்கை,LK,"""2022-08-02T00:00:00.000Z""","""2022-08-16T00:00:00.000Z""","""1899-11-30T00:00:00.000Z""",1.28186648661,0.0497932533443
Thanamalwila,තණමල්විල,தனமல்விலை,LK8230,Monaragala,මොණරාගල දිස්ත්‍රි,மொணராகலை மாவட்டம்,LK82,Uva,ඌව පළාත,ஊவா மாகாணம்,LK8,Sri Lanka,ශ්‍රී ලංකා,இலங்கை,LK,"""2022-08-02T00:00:00.000Z""","""2022-08-16T00:00:00.000Z""","""1899-11-30T00:00:00.000Z""",1.6607158542,0.0519565006863
Sevanagala,සෙවනගල,செவனகலை,LK8233,Monaragala,මොණරාගල දිස්ත්‍රි,மொணராகலை மாவட்டம்,LK82,Uva,ඌව පළාත,ஊவா மாகாணம்,LK8,Sri Lanka,ශ්‍රී ලංකා,இலங்கை,LK,"""2022-08-02T00:00:00.000Z""","""2022-08-16T00:00:00.000Z""","""1899-11-30T00:00:00.000Z""",0.617573466665,0.0150636734672
Eheliyagoda,ඇහැලියගොඩ,எகலியகொடை,LK9103,Ratnapura,රත්නපුර දිස්ත්‍රි,இரத்தினபுரம் மாவட,LK91,Sabaragamuwa,සබරගමුව පළාත,சபரகமுவ மாகாணம்,LK9,Sri Lanka,ශ්‍රී ලංකා,இலங்கை,LK,"""2022-08-02T00:00:00.000Z""","""2022-08-16T00:00:00.000Z""","""1899-11-30T00:00:00.000Z""",0.674237105326,0.0115325007192
Kuruvita,කුරුවිට,குருவிட்டை,LK9106,Ratnapura,රත්නපුර දිස්ත්‍රි,இரத்தினபுரம் மாவட,LK91,Sabaragamuwa,සබරගමුව පළාත,சபரகமுவ மாகாணம்,LK9,Sri Lanka,ශ්‍රී ලංකා,இலங்கை,LK,"""2022-08-02T00:00:00.000Z""","""2022-08-16T00:00:00.000Z""","""1899-11-30T00:00:00.000Z""",0.792763974119,0.013989310589
Kiriella,කිරිඇල්ල,கிரியெல்லை,LK9109,Ratnapura,රත්නපුර දිස්ත්‍රි,இரத்தினபுரம் மாவட,LK91,Sabaragamuwa,සබරගමුව පළාත,சபரகமுவ மாகாணம்,LK9,Sri Lanka,ශ්‍රී ලංකා,இலங்கை,LK,"""2022-08-02T00:00:00.000Z""","""2022-08-16T00:00:00.000Z""","""1899-11-30T00:00:00.000Z""",0.618248420519,0.00649656890651
Ratnapura,රත්නපුර,இரத்தினபுரி,LK9112,Ratnapura,රත්නපුර දිස්ත්‍රි,இரத்தினபுரம் மாவட,LK91,Sabaragamuwa,සබරගමුව පළාත,சபரகமுவ மாகாணம்,LK9,Sri Lanka,ශ්‍රී ලංකා,இலங்கை,LK,"""2022-08-02T00:00:00.000Z""","""2022-08-16T00:00:00.000Z""","""1899-11-30T00:00:00.000Z""",1.15738401853,0.0268052425905
Imbulpe,ඉඹුල්පේ,இம்புல்பே,LK9115,Ratnapura,රත්නපුර දිස්ත්‍රි,இரத்தினபுரம் மாவட,LK91,Sabaragamuwa,සබරගමුව පළාත,சபரகமுவ மாகாணம்,LK9,Sri Lanka,ශ්‍රී ලංකා,இலங்கை,LK,"""2022-08-02T00:00:00.000Z""","""2022-08-16T00:00:00.000Z""","""1899-11-30T00:00:00.000Z""",0.843984064917,0.0208565574813
Balangoda,බලංගොඩ,பலாங்கொடை,LK9118,Ratnapura,රත්නපුර දිස්ත්‍රි,இரத்தினபுரம் மாவட,LK91,Sabaragamuwa,සබරගමුව පළාත,சபரகமுவ மாகாணம்,LK9,Sri Lanka,ශ්‍රී ලංකා,இலங்கை,LK,"""2022-08-02T00:00:00.000Z""","""2022-08-16T00:00:00.000Z""","""1899-11-30T00:00:00.000Z""",0.962114460732,0.0150018376512
Opanayake,ඕපනායක,ஒபநாயக்கா,LK9121,Ratnapura,රත්නපුර දිස්ත්‍රි,இரத்தினபுரம் மாவட,LK91,Sabaragamuwa,සබරගමුව පළාත,சபரகமுவ மாகாணம்,LK9,Sri Lanka,ශ්‍රී ලංකා,இலங்கை,LK,"""2022-08-02T00:00:00.000Z""","""2022-08-16T00:00:00.000Z""","""1899-11-30T00:00:00.000Z""",0.475943100635,0.00648338090282
Pelmadulla,පැල්මඩුල්ල,பெல்மதுளை,LK9124,Ratnapura,රත්නපුර දිස්ත්‍රි,இரத்தினபுரம் மாவட,LK91,Sabaragamuwa,සබරගමුව පළාත,சபரகமுவ மாகாணம்,LK9,Sri Lanka,ශ්‍රී ලංකා,இலங்கை,LK,"""2022-08-02T00:00:00.000Z""","""2022-08-16T00:00:00.000Z""","""1899-11-30T00:00:00.000Z""",0.839178428092,0.0119945260221
Elapatha,ඇලපාත,எலபாத்தை,LK9127,Ratnapura,රත්නපුර දිස්ත්‍රි,இரத்தினபுரம் மாவட,LK91,Sabaragamuwa,සබරගමුව පළාත,சபரகமுவ மாகாணம்,LK9,Sri Lanka,ශ්‍රී ලංකා,இலங்கை,LK,"""2022-08-02T00:00:00.000Z""","""2022-08-16T00:00:00.000Z""","""1899-11-30T00:00:00.000Z""",0.477133517372,0.00700079899271
Ayagama,අයගම,அயகமை,LK9130,Ratnapura,රත්නපුර දිස්ත්‍රි,இரத்தினபுரம் மாவட,LK91,Sabaragamuwa,සබරගමුව පළාත,சபரகமுவ மாகாணம்,LK9,Sri Lanka,ශ්‍රී ලංකා,இலங்கை,LK,"""2022-08-02T00:00:00.000Z""","""2022-08-16T00:00:00.000Z""","""1899-11-30T00:00:00.000Z""",0.72016901634,0.0133586025518
Kalawana,කලවාන,கலவானை,LK9133,Ratnapura,රත්නපුර දිස්ත්‍රි,இரத்தினபுரம் மாவட,LK91,Sabaragamuwa,සබරගමුව පළාත,சபரகமுவ மாகாணம்,LK9,Sri Lanka,ශ්‍රී ලංකා,இலங்கை,LK,"""2022-08-02T00:00:00.000Z""","""2022-08-16T00:00:00.000Z""","""1899-11-30T00:00:00.000Z""",1.15933193782,0.0312598910288
Nivithigala,නිවිතිගල,நிவித்திகலை,LK9136,Ratnapura,රත්නපුර දිස්ත්‍රි,இரத்தினபுரம் மாவட,LK91,Sabaragamuwa,සබරගමුව පළාත,சபரகமுவ மாகாணம்,LK9,Sri Lanka,ශ්‍රී ලංකා,இலங்கை,LK,"""2022-08-02T00:00:00.000Z""","""2022-08-16T00:00:00.000Z""","""1899-11-30T00:00:00.000Z""",0.715415462361,0.0125471255141
Kahawattha,කහවත්ත,காவத்தை,LK9139,Ratnapura,රත්නපුර දිස්ත්‍රි,இரத்தினபுரம் மாவட,LK91,Sabaragamuwa,සබරගමුව පළාත,சபரகமுவ மாகாணம்,LK9,Sri Lanka,ශ්‍රී ලංකා,இலங்கை,LK,"""2022-08-02T00:00:00.000Z""","""2022-08-16T00:00:00.000Z""","""1899-11-30T00:00:00.000Z""",0.55608388207,0.00852306034946
Godakawela,ගොඩකවෙල,கொடகவளை,LK9142,Ratnapura,රත්නපුර දිස්ත්‍රි,இரத்தினபுரம் மாவட,LK91,Sabaragamuwa,සබරගමුව පළාත,சபரகமுவ மாகாணம்,LK9,Sri Lanka,ශ්‍රී ලංකා,இலங்கை,LK,"""2022-08-02T00:00:00.000Z""","""2022-08-16T00:00:00.000Z""","""1899-11-30T00:00:00.000Z""",0.777756290024,0.0124362283869
Weligepola,වැලිගෙපොල,வெளிகேபொலை,LK9145,Ratnapura,රත්නපුර දිස්ත්‍රි,இரத்தினபுரம் மாவட,LK91,Sabaragamuwa,සබරගමුව පළාත,சபரகமுவ மாகாணம்,LK9,Sri Lanka,ශ්‍රී ලංකා,இலங்கை,LK,"""2022-08-02T00:00:00.000Z""","""2022-08-16T00:00:00.000Z""","""1899-11-30T00:00:00.000Z""",0.753252260554,0.0161895597482
Embilipitiya,ඇඹිලිපිටිය,எம்பிலிபிட்டியா,LK9148,Ratnapura,රත්නපුර දිස්ත්‍රි,இரத்தினபுரம் மாவட,LK91,Sabaragamuwa,සබරගමුව පළාත,சபரகமுவ மாகாணம்,LK9,Sri Lanka,ශ්‍රී ලංකා,இலங்கை,LK,"""2022-08-02T00:00:00.000Z""","""2022-08-16T00:00:00.000Z""","""1899-11-30T00:00:00.000Z""",1.28790433262,0.0317779620915
Kolonna,කොලොන්න,கொலொன்னை,LK9151,Ratnapura,රත්නපුර දිස්ත්‍රි,இரத்தினபுரம் மாவட,LK91,Sabaragamuwa,සබරගමුව පළාත,சபரகமுவ மாகாணம்,LK9,Sri Lanka,ශ්‍රී ලංකා,இலங்கை,LK,"""2022-08-02T00:00:00.000Z""","""2022-08-16T00:00:00.000Z""","""1899-11-30T00:00:00.000Z""",0.836801927618,0.0145362892038
Kalthota,කල්තොට,கல்தோட்ட,LK9154,Ratnapura,රත්නපුර දිස්ත්‍රි,இரத்தினபுரம் மாவட,LK91,Sabaragamuwa,සබරගමුව පළාත,சபரகமுவ மாகாணம்,LK9,Sri Lanka,ශ්‍රී ලංකා,இலங்கை,LK,"""2022-08-02T00:00:00.000Z""","""2022-08-16T00:00:00.000Z""","""1899-11-30T00:00:00.000Z""",0.616841300273,0.00798353020871
Rambukkana,රඹුක්කන,றம்புக்கணை,LK9203,Kegalle,කෑගල්ල දිස්ත්‍රික,கேகாலை மாவட்டம்,LK92,Sabaragamuwa,සබරගමුව පළාත,சபரகமுவ மாகாணம்,LK9,Sri Lanka,ශ්‍රී ලංකා,இலங்கை,LK,"""2022-08-02T00:00:00.000Z""","""2022-08-16T00:00:00.000Z""","""1899-11-30T00:00:00.000Z""",0.74637964963,0.0104651498803
Mawanella,මාවනැල්ල,மாவனல்லை,LK9206,Kegalle,කෑගල්ල දිස්ත්‍රික,கேகாலை மாவட்டம்,LK92,Sabaragamuwa,සබරගමුව පළාත,சபரகமுவ மாகாணம்,LK9,Sri Lanka,ශ්‍රී ලංකා,இலங்கை,LK,"""2022-08-02T00:00:00.000Z""","""2022-08-16T00:00:00.000Z""","""1899-11-30T00:00:00.000Z""",0.75462077921,0.00983265973587
Aranayake,අරණායක,அரநாயக்கா,LK9209,Kegalle,කෑගල්ල දිස්ත්‍රික,கேகாலை மாவட்டம்,LK92,Sabaragamuwa,සබරගමුව පළාත,சபரகமுவ மாகாணம்,LK9,Sri Lanka,ශ්‍රී ලංකා,இலங்கை,LK,"""2022-08-02T00:00:00.000Z""","""2022-08-16T00:00:00.000Z""","""1899-11-30T00:00:00.000Z""",0.724656141126,0.00983140919516
Kegalle,කෑගල්ල,கேகாலை,LK9212,Kegalle,කෑගල්ල දිස්ත්‍රික,கேகாலை மாவட்டம்,LK92,Sabaragamuwa,සබරගමුව පළාත,சபரகமுவ மாகாணம்,LK9,Sri Lanka,ශ්‍රී ලංකා,இலங்கை,LK,"""2022-08-02T00:00:00.000Z""","""2022-08-16T00:00:00.000Z""","""1899-11-30T00:00:00.000Z""",0.737681307043,0.0086990933854
Galigamuwa,ගලිගමුව,கலிகமுவை,LK9215,Kegalle,කෑගල්ල දිස්ත්‍රික,கேகாலை மாவட்டம்,LK92,Sabaragamuwa,සබරගමුව පළාත,சபரகமுவ மாகாணம்,LK9,Sri Lanka,ශ්‍රී ලංකා,இலங்கை,LK,"""2022-08-02T00:00:00.000Z""","""2022-08-16T00:00:00.000Z""","""1899-11-30T00:00:00.000Z""",0.766949912981,0.0102004468696
Warakapola,වරකාපොළ,வறக்கப்பொலை,LK9218,Kegalle,කෑගල්ල දිස්ත්‍රික,கேகாலை மாவட்டம்,LK92,Sabaragamuwa,සබරගමුව පළාත,சபரகமுவ மாகாணம்,LK9,Sri Lanka,ශ්‍රී ලංකා,இலங்கை,LK,"""2022-08-02T00:00:00.000Z""","""2022-08-16T00:00:00.000Z""","""1899-11-30T00:00:00.000Z""",0.84189035689,0.0161269360336
Ruwanwella,රුවන්වැල්ල,ருவான்வெல்லை,LK9221,Kegalle,කෑගල්ල දිස්ත්‍රික,கேகாலை மாவட்டம்,LK92,Sabaragamuwa,සබරගමුව පළාත,சபரகமுவ மாகாணம்,LK9,Sri Lanka,ශ්‍රී ලංකා,இலங்கை,LK,"""2022-08-02T00:00:00.000Z""","""2022-08-16T00:00:00.000Z""","""1899-11-30T00:00:00.000Z""",0.597101806176,0.0115106118257
Bulathkohipitiya,බුලත්කොහුපිටිය,புலத்கொகுபிட்டிய,LK9224,Kegalle,කෑගල්ල දිස්ත්‍රික,கேகாலை மாவட்டம்,LK92,Sabaragamuwa,සබරගමුව පළාත,சபரகமுவ மாகாணம்,LK9,Sri Lanka,ශ්‍රී ලංකා,இலங்கை,LK,"""2022-08-02T00:00:00.000Z""","""2022-08-16T00:00:00.000Z""","""1899-11-30T00:00:00.000Z""",0.851442457426,0.0102532429217
Yatiyantota,යටියන්තොට,எட்டியாந்தோட்டை,LK9227,Kegalle,කෑගල්ල දිස්ත්‍රික,கேகாலை மாவட்டம்,LK92,Sabaragamuwa,සබරගමුව පළාත,சபரகமுவ மாகாணம்,LK9,Sri Lanka,ශ්‍රී ලංකා,இலங்கை,LK,"""2022-08-02T00:00:00.000Z""","""2022-08-16T00:00:00.000Z""","""1899-11-30T00:00:00.000Z""",0.96239560141,0.0147241732592
Dehiowita,දෙහිඕවිට,தெகியோவிட்டை,LK9230,Kegalle,කෑගල්ල දිස්ත්‍රික,கேகாலை மாவட்டம்,LK92,Sabaragamuwa,සබරගමුව පළාත,சபரகமுவ மாகாணம்,LK9,Sri Lanka,ශ්‍රී ලංකා,இலங்கை,LK,"""2022-08-02T00:00:00.000Z""","""2022-08-16T00:00:00.000Z""","""1899-11-30T00:00:00.000Z""",0.88168662288,0.0158696809673
Deraniyagala,දැරණියගල,தெரனியாகலை,LK9233,Kegalle,කෑගල්ල දිස්ත්‍රික,கேகாலை மாவட்டம்,LK92,Sabaragamuwa,සබරගමුව පළාත,சபரகமுவ மாகாணம்,LK9,Sri Lanka,ශ්‍රී ලංකා,இலங்கை,LK,"""2022-08-02T00:00:00.000Z""","""2022-08-16T00:00:00.000Z""","""1899-11-30T00:00:00.000Z""",0.762944836738,0.0181767211079